Specification,NetworkFile,Epsilon,Delta,TimeTaken,Counterexample,FairRegion,FairRegionPercent,DebugCurRegion,JSMADimension
CEGFA,../../networks/japanese/japanese_3_8_fc.onnx,,,0.39435815811157227,[],[],0,"[[0, 1], [0, 1], [0, 1], [0, 1, 2], [0, 1, 2], [0, 1], [-1, 1], [0, 1], [0, 1], [0, 1], [0, 1, 2], [0, 1], [0, 1]]","{12, 13}"
CEGFA,../../networks/japanese/japanese_3_8_fc.onnx,,,0.6252610683441162,[],[],0,"[[0, 1], [0, 1], [0, 1], [0, 1, 2], [0, 1, 2], [0, 1], [0, -1], [0, 1], [0, 1], [0, 1], [0, 1, 2], [0, 1], [0, 1]]","{12, 13}"
CEGFA,../../networks/japanese/japanese_3_8_fc.onnx,,,1.0487759113311768,[],[],0,"[[0, 1], [0, 1], [0, 1], [0, 1, 2], [0, 1, 2], [0, 1], [0, 1], [0, 1], [0, 1], [0, 1], [0, 1, 2], [0, 1], [0, 1]]","{12, 13}"
CEGFA,../../networks/japanese/japanese_3_8_fc.onnx,,,1.501641035079956,[],[],0,"[[0, 1], [0, 1], [0, 1], [0, 1, 2], [0, 1, 2], [0, 1], [0, 1], [-1, 1], [0, 1], [0, 1], [0, 1, 2], [0, 1], [0, 1]]","{12, 13}"
CEGFA,../../networks/japanese/japanese_3_8_fc.onnx,,,1.7801141738891602,[],[],0,"[[0, 1], [0, 1], [0, 1], [0, 1, 2], [0, 1, 2], [0, 1], [0, 1], [0, -1], [0, 1], [0, 1], [0, 1, 2], [0, 1], [0, 1]]","{12, 13}"
CEGFA,../../networks/japanese/japanese_3_8_fc.onnx,,,2.1306240558624268,[],[],0,"[[0, 1], [0, 1], [0, 1], [0, 1, 2], [0, 1, 2], [0, 1], [0, 1], [0, 1], [0, 1], [0, 1], [0, 1, 2], [0, 1], [0, 1]]","{11, 14}"
CEGFA,../../networks/japanese/japanese_3_8_fc.onnx,,,2.5349512100219727,[],[],0,"[[0, 1], [0, 1], [0, 1], [0, 1, 2], [-1, 1, 2], [0, 1], [-1, 1], [0, 1], [0, 1], [0, 1], [0, 1, 2], [0, 1], [0, 1]]","{11, 14}"
CEGFA,../../networks/japanese/japanese_3_8_fc.onnx,,,2.902149200439453,[],[],0,"[[0, 1], [0, 1], [0, 1], [0, 1, 2], [0, -1, -1], [0, 1], [-1, 1], [0, 1], [0, 1], [0, 1], [0, 1, 2], [0, 1], [0, 1]]","{11, 14}"
CEGFA,../../networks/japanese/japanese_3_8_fc.onnx,,,3.240060329437256,[],[],0,"[[0, 1], [0, 1], [0, 1], [0, 1, 2], [0, 1, 2], [0, 1], [-1, 1], [0, 1], [0, 1], [0, 1], [0, 1, 2], [0, 1], [0, 1]]","{11, 14}"
CEGFA,../../networks/japanese/japanese_3_8_fc.onnx,,,3.5151164531707764,[],[],0,"[[0, 1], [0, 0.5], [0, 1], [0, 1, 2], [0, 1, 2], [0, 1], [0, -1], [0, 1], [0, 1], [0, 1], [0, 1, 2], [0, 1], [0, 1]]","{11, 14}"
CEGFA,../../networks/japanese/japanese_3_8_fc.onnx,,,3.9275243282318115,[],[],0,"[[0, 1], [0.5, 1], [0, 1], [0, 1, 2], [0, 1, 2], [0, 1], [0, -1], [0, 1], [0, 1], [0, 1], [0, 1, 2], [0, 1], [0, 1]]","{11, 14}"
CEGFA,../../networks/japanese/japanese_3_8_fc.onnx,,,4.3087382316589355,[],[],0,"[[0, 1], [0, 1], [0, 1], [0, 1, 2], [0, 1, 2], [0, 1], [0, -1], [0, 1], [0, 1], [0, 1], [0, 1, 2], [0, 1], [0, 1]]","{11, 14}"
CEGFA,../../networks/japanese/japanese_3_8_fc.onnx,,,4.7047812938690186,[],[],0,"[[0, 1], [0, 0.5], [0, 1], [0, 1, 2], [0, 1, 2], [0, 1], [0, 1], [0, 1], [0, 1], [0, 1], [0, 1, 2], [0, 1], [0, 1]]","{11, 14}"
CEGFA,../../networks/japanese/japanese_3_8_fc.onnx,,,5.092810153961182,[],[],0,"[[0, 1], [0.5, 1], [0, 1], [0, 1, 2], [0, 1, 2], [0, 1], [0, 1], [0, 1], [0, 1], [0, 1], [0, 1, 2], [0, 1], [0, 1]]","{11, 14}"
CEGFA,../../networks/japanese/japanese_3_8_fc.onnx,,,5.458821058273315,[],[],0,"[[0, 1], [0, 1], [0, 1], [0, 1, 2], [0, 1, 2], [0, 1], [0, 1], [0, 1], [0, 1], [0, 1], [0, 1, 2], [0, 1], [0, 1]]","{11, 14}"
CEGFA,../../networks/japanese/japanese_3_8_fc.onnx,,,5.837118864059448,[],[],0,"[[0, 1], [0, 1], [0, 1], [0, 1, -1], [0, 1, 2], [0, 1], [0, 1], [-1, 1], [0, 1], [0, 1], [0, 1, 2], [0, 1], [0, 1]]","{12, 13}"
CEGFA,../../networks/japanese/japanese_3_8_fc.onnx,,,6.0472869873046875,[],[],0,"[[0, 1], [0, 1], [0, 1], [-1, -1, 2], [0, 1, 2], [0, 1], [0, 1], [-1, 1], [0, 1], [0, 1], [0, 1, 2], [0, 1], [0, 1]]","{12, 13}"
CEGFA,../../networks/japanese/japanese_3_8_fc.onnx,,,6.082310676574707,[],"[[[0, 1], [0, 1], [0, 1], [-1, -1, 2], [0, 1, 2], [0, 1], [0, 1], [-1, 1], [0, 1], [0, 1], [0, 1, 2], [0, 1], [0, 1]]]",0.16666666666666666,"[[0, 1], [0, 1], [0, 1], [0, 1, 2], [0, 1, 2], [0, 1], [0, 1], [-1, 1], [0, 1], [0, 1], [0, 1, 2], [0, 1], [0, 1]]","{12, 13}"
CEGFA,../../networks/japanese/japanese_3_8_fc.onnx,,,6.403432607650757,[],"[[[0, 1], [0, 1], [0, 1], [-1, -1, 2], [0, 1, 2], [0, 1], [0, 1], [-1, 1], [0, 1], [0, 1], [0, 1, 2], [0, 1], [0, 1]]]",0.16666666666666666,"[[0, 1], [0, 1], [0, 1], [0, 1, 2], [0, 1, 2], [0, 1], [0, -1], [0, -1], [0, 1], [0, 1], [0, 1, 2], [0, 1], [0, 1]]","{12, 13}"
CEGFA,../../networks/japanese/japanese_3_8_fc.onnx,,,7.906548261642456,[],"[[[0, 1], [0, 1], [0, 1], [-1, -1, 2], [0, 1, 2], [0, 1], [0, 1], [-1, 1], [0, 1], [0, 1], [0, 1, 2], [0, 1], [0, 1]], [[0, 1], [0, 1], [0, 1], [0, 1, 2], [0, 1, 2], [0, 1], [0, -1], [0, -1], [0, 1], [0, 1], [0, 1, 2], [0, 1], [0, 1]]]",0.4166666666666667,"[[0, 1], [0, 1], [0, 1], [0, 1, 2], [0, 1, 2], [0, 1], [-1, 1], [0, -1], [0, 1], [0, 1], [0, 1, 2], [0, 1], [0, 1]]","{12, 13}"
CEGFA,../../networks/japanese/japanese_3_8_fc.onnx,,,8.139731645584106,[],"[[[0, 1], [0, 1], [0, 1], [-1, -1, 2], [0, 1, 2], [0, 1], [0, 1], [-1, 1], [0, 1], [0, 1], [0, 1, 2], [0, 1], [0, 1]], [[0, 1], [0, 1], [0, 1], [0, 1, 2], [0, 1, 2], [0, 1], [0, -1], [0, -1], [0, 1], [0, 1], [0, 1, 2], [0, 1], [0, 1]]]",0.4166666666666667,"[[0, 1], [0, 1], [0, 1], [0, 1, 2], [0, 1, 2], [0, 1], [0, 1], [0, -1], [0, 1], [0, 1], [0, 1, 2], [0, 1], [0, 1]]","{12, 13}"
CEGFA,../../networks/japanese/japanese_3_8_fc.onnx,,,8.455472946166992,[],"[[[0, 1], [0, 1], [0, 1], [-1, -1, 2], [0, 1, 2], [0, 1], [0, 1], [-1, 1], [0, 1], [0, 1], [0, 1, 2], [0, 1], [0, 1]], [[0, 1], [0, 1], [0, 1], [0, 1, 2], [0, 1, 2], [0, 1], [0, -1], [0, -1], [0, 1], [0, 1], [0, 1, 2], [0, 1], [0, 1]]]",0.4166666666666667,"[[0, 1], [0, 1], [0, 1], [0, 1, 2], [0, 1, 2], [0, 1], [0, 1], [0, 1], [0, 1], [0, 1], [0, 1, 2], [0, 1], [0, 0.5]]","{12, 13}"
CEGFA,../../networks/japanese/japanese_3_8_fc.onnx,,,8.83047080039978,[],"[[[0, 1], [0, 1], [0, 1], [-1, -1, 2], [0, 1, 2], [0, 1], [0, 1], [-1, 1], [0, 1], [0, 1], [0, 1, 2], [0, 1], [0, 1]], [[0, 1], [0, 1], [0, 1], [0, 1, 2], [0, 1, 2], [0, 1], [0, -1], [0, -1], [0, 1], [0, 1], [0, 1, 2], [0, 1], [0, 1]]]",0.4166666666666667,"[[0, 1], [0, 1], [0, 1], [0, 1, 2], [0, 1, 2], [0, 1], [0, 1], [0, 1], [0, 1], [0, 1], [0, 1, 2], [0, 1], [0.5, 1]]","{12, 13}"
CEGFA,../../networks/japanese/japanese_3_8_fc.onnx,,,9.174794912338257,[],"[[[0, 1], [0, 1], [0, 1], [-1, -1, 2], [0, 1, 2], [0, 1], [0, 1], [-1, 1], [0, 1], [0, 1], [0, 1, 2], [0, 1], [0, 1]], [[0, 1], [0, 1], [0, 1], [0, 1, 2], [0, 1, 2], [0, 1], [0, -1], [0, -1], [0, 1], [0, 1], [0, 1, 2], [0, 1], [0, 1]]]",0.4166666666666667,"[[0, 1], [0, 1], [0, 1], [0, 1, 2], [0, 1, 2], [0, 1], [0, 1], [0, 1], [0, 1], [0, 1], [0, 1, 2], [0, 1], [0, 1]]","{12, 13}"
CEGFA,../../networks/japanese/japanese_3_8_fc.onnx,,,9.624651908874512,[],"[[[0, 1], [0, 1], [0, 1], [-1, -1, 2], [0, 1, 2], [0, 1], [0, 1], [-1, 1], [0, 1], [0, 1], [0, 1, 2], [0, 1], [0, 1]], [[0, 1], [0, 1], [0, 1], [0, 1, 2], [0, 1, 2], [0, 1], [0, -1], [0, -1], [0, 1], [0, 1], [0, 1, 2], [0, 1], [0, 1]]]",0.4166666666666667,"[[0, 1], [0, 1], [0, 1], [0, 1, 2], [-1, 1, 2], [0, 1], [-1, 1], [-1, 1], [0, 1], [0, 1], [0, 1, 2], [0, 1], [0, 1]]","{12, 13}"
CEGFA,../../networks/japanese/japanese_3_8_fc.onnx,,,13.198590278625488,[],"[[[0, 1], [0, 1], [0, 1], [-1, -1, 2], [0, 1, 2], [0, 1], [0, 1], [-1, 1], [0, 1], [0, 1], [0, 1, 2], [0, 1], [0, 1]], [[0, 1], [0, 1], [0, 1], [0, 1, 2], [0, 1, 2], [0, 1], [0, -1], [0, -1], [0, 1], [0, 1], [0, 1, 2], [0, 1], [0, 1]], [[0, 1], [0, 1], [0, 1], [0, 1, 2], [-1, 1, 2], [0, 1], [-1, 1], [-1, 1], [0, 1], [0, 1], [0, 1, 2], [0, 1], [0, 1]]]",0.5277777777777778,"[[0, 1], [0, 1], [0, 1], [0, 1, 2], [-1, 1, 2], [0, 1], [-1, 1], [0, -1], [0, 1], [0, 1], [0, 1, 2], [0, 1], [0, 1]]","{12, 13}"
CEGFA,../../networks/japanese/japanese_3_8_fc.onnx,,,13.825562238693237,[],"[[[0, 1], [0, 1], [0, 1], [-1, -1, 2], [0, 1, 2], [0, 1], [0, 1], [-1, 1], [0, 1], [0, 1], [0, 1, 2], [0, 1], [0, 1]], [[0, 1], [0, 1], [0, 1], [0, 1, 2], [0, 1, 2], [0, 1], [0, -1], [0, -1], [0, 1], [0, 1], [0, 1, 2], [0, 1], [0, 1]], [[0, 1], [0, 1], [0, 1], [0, 1, 2], [-1, 1, 2], [0, 1], [-1, 1], [-1, 1], [0, 1], [0, 1], [0, 1, 2], [0, 1], [0, 1]]]",0.5277777777777778,"[[0, 1], [0, 1], [0, 1], [0, 1, 2], [-1, 1, 2], [0, 1], [-1, 1], [0, 1], [0, 1], [0, 1], [0, 1, 2], [0, 1], [0, 1]]",{11}
CEGFA,../../networks/japanese/japanese_3_8_fc.onnx,,,14.12187910079956,[],"[[[0, 1], [0, 1], [0, 1], [-1, -1, 2], [0, 1, 2], [0, 1], [0, 1], [-1, 1], [0, 1], [0, 1], [0, 1, 2], [0, 1], [0, 1]], [[0, 1], [0, 1], [0, 1], [0, 1, 2], [0, 1, 2], [0, 1], [0, -1], [0, -1], [0, 1], [0, 1], [0, 1, 2], [0, 1], [0, 1]], [[0, 1], [0, 1], [0, 1], [0, 1, 2], [-1, 1, 2], [0, 1], [-1, 1], [-1, 1], [0, 1], [0, 1], [0, 1, 2], [0, 1], [0, 1]]]",0.5277777777777778,"[[0, 1], [0, 1], [0, 1], [0, 1, 2], [0, -1, -1], [0, 1], [-1, 1], [0, -1], [0, 1], [0, 1], [0, 1, 2], [0, 1], [0, 1]]",{11}
CEGFA,../../networks/japanese/japanese_3_8_fc.onnx,,,14.363769054412842,[],"[[[0, 1], [0, 1], [0, 1], [-1, -1, 2], [0, 1, 2], [0, 1], [0, 1], [-1, 1], [0, 1], [0, 1], [0, 1, 2], [0, 1], [0, 1]], [[0, 1], [0, 1], [0, 1], [0, 1, 2], [0, 1, 2], [0, 1], [0, -1], [0, -1], [0, 1], [0, 1], [0, 1, 2], [0, 1], [0, 1]], [[0, 1], [0, 1], [0, 1], [0, 1, 2], [-1, 1, 2], [0, 1], [-1, 1], [-1, 1], [0, 1], [0, 1], [0, 1, 2], [0, 1], [0, 1]]]",0.5277777777777778,"[[0, 1], [0, 1], [0, 1], [0, 1, 2], [0, -1, -1], [0, 1], [-1, 1], [-1, 1], [0, 1], [0, 1], [0, 1, 2], [0, 1], [0, 1]]",{11}
CEGFA,../../networks/japanese/japanese_3_8_fc.onnx,,,17.246444940567017,[],"[[[0, 1], [0, 1], [0, 1], [-1, -1, 2], [0, 1, 2], [0, 1], [0, 1], [-1, 1], [0, 1], [0, 1], [0, 1, 2], [0, 1], [0, 1]], [[0, 1], [0, 1], [0, 1], [0, 1, 2], [0, 1, 2], [0, 1], [0, -1], [0, -1], [0, 1], [0, 1], [0, 1, 2], [0, 1], [0, 1]], [[0, 1], [0, 1], [0, 1], [0, 1, 2], [-1, 1, 2], [0, 1], [-1, 1], [-1, 1], [0, 1], [0, 1], [0, 1, 2], [0, 1], [0, 1]], [[0, 1], [0, 1], [0, 1], [0, 1, 2], [0, -1, -1], [0, 1], [-1, 1], [-1, 1], [0, 1], [0, 1], [0, 1, 2], [0, 1], [0, 1]]]",0.5833333333333334,"[[0, 1], [0, 1], [0, 1], [0, 1, 2], [0, -1, -1], [0, 1], [-1, 1], [0, 1], [0, 1], [0, 1], [0, 1, 2], [0, 1], [0, 1]]",{11}
CEGFA,../../networks/japanese/japanese_3_8_fc.onnx,,,17.571393966674805,[],"[[[0, 1], [0, 1], [0, 1], [-1, -1, 2], [0, 1, 2], [0, 1], [0, 1], [-1, 1], [0, 1], [0, 1], [0, 1, 2], [0, 1], [0, 1]], [[0, 1], [0, 1], [0, 1], [0, 1, 2], [0, 1, 2], [0, 1], [0, -1], [0, -1], [0, 1], [0, 1], [0, 1, 2], [0, 1], [0, 1]], [[0, 1], [0, 1], [0, 1], [0, 1, 2], [-1, 1, 2], [0, 1], [-1, 1], [-1, 1], [0, 1], [0, 1], [0, 1, 2], [0, 1], [0, 1]], [[0, 1], [0, 1], [0, 1], [0, 1, 2], [0, -1, -1], [0, 1], [-1, 1], [-1, 1], [0, 1], [0, 1], [0, 1, 2], [0, 1], [0, 1]]]",0.5833333333333334,"[[0, 1], [0, 1], [0, 1], [0, 1, 2], [0, 1, 2], [0, 1], [-1, 1], [0, 1], [0, 1], [0, 1], [-1, 1, 2], [0, 1], [0, 1]]",{11}
CEGFA,../../networks/japanese/japanese_3_8_fc.onnx,,,17.745044708251953,[],"[[[0, 1], [0, 1], [0, 1], [-1, -1, 2], [0, 1, 2], [0, 1], [0, 1], [-1, 1], [0, 1], [0, 1], [0, 1, 2], [0, 1], [0, 1]], [[0, 1], [0, 1], [0, 1], [0, 1, 2], [0, 1, 2], [0, 1], [0, -1], [0, -1], [0, 1], [0, 1], [0, 1, 2], [0, 1], [0, 1]], [[0, 1], [0, 1], [0, 1], [0, 1, 2], [-1, 1, 2], [0, 1], [-1, 1], [-1, 1], [0, 1], [0, 1], [0, 1, 2], [0, 1], [0, 1]], [[0, 1], [0, 1], [0, 1], [0, 1, 2], [0, -1, -1], [0, 1], [-1, 1], [-1, 1], [0, 1], [0, 1], [0, 1, 2], [0, 1], [0, 1]]]",0.5833333333333334,"[[0, 1], [0, 1], [0, 1], [0, 1, 2], [0, 1, 2], [0, 1], [-1, 1], [0, 1], [0, 1], [0, 1], [0, -1, -1], [0, 1], [0, 1]]",{11}
CEGFA,../../networks/japanese/japanese_3_8_fc.onnx,,,17.935019731521606,[],"[[[0, 1], [0, 1], [0, 1], [-1, -1, 2], [0, 1, 2], [0, 1], [0, 1], [-1, 1], [0, 1], [0, 1], [0, 1, 2], [0, 1], [0, 1]], [[0, 1], [0, 1], [0, 1], [0, 1, 2], [0, 1, 2], [0, 1], [0, -1], [0, -1], [0, 1], [0, 1], [0, 1, 2], [0, 1], [0, 1]], [[0, 1], [0, 1], [0, 1], [0, 1, 2], [-1, 1, 2], [0, 1], [-1, 1], [-1, 1], [0, 1], [0, 1], [0, 1, 2], [0, 1], [0, 1]], [[0, 1], [0, 1], [0, 1], [0, 1, 2], [0, -1, -1], [0, 1], [-1, 1], [-1, 1], [0, 1], [0, 1], [0, 1, 2], [0, 1], [0, 1]]]",0.5833333333333334,"[[0, 1], [0, 1], [0, 1], [0, 1, 2], [0, 1, 2], [0, 1], [-1, 1], [0, 1], [0, 1], [0, 1], [0, 1, 2], [0, 1], [0, 1]]",{11}
CEGFA,../../networks/japanese/japanese_3_8_fc.onnx,,,18.16369867324829,[],"[[[0, 1], [0, 1], [0, 1], [-1, -1, 2], [0, 1, 2], [0, 1], [0, 1], [-1, 1], [0, 1], [0, 1], [0, 1, 2], [0, 1], [0, 1]], [[0, 1], [0, 1], [0, 1], [0, 1, 2], [0, 1, 2], [0, 1], [0, -1], [0, -1], [0, 1], [0, 1], [0, 1, 2], [0, 1], [0, 1]], [[0, 1], [0, 1], [0, 1], [0, 1, 2], [-1, 1, 2], [0, 1], [-1, 1], [-1, 1], [0, 1], [0, 1], [0, 1, 2], [0, 1], [0, 1]], [[0, 1], [0, 1], [0, 1], [0, 1, 2], [0, -1, -1], [0, 1], [-1, 1], [-1, 1], [0, 1], [0, 1], [0, 1, 2], [0, 1], [0, 1]]]",0.5833333333333334,"[[0, 1], [0, 0.5], [0, 1], [0, 1, 2], [0, -1, 2], [0, 1], [0, -1], [0, 1], [0, 1], [0, 1], [0, 1, 2], [0, 1], [0, 1]]",{11}
CEGFA,../../networks/japanese/japanese_3_8_fc.onnx,,,18.512385368347168,[],"[[[0, 1], [0, 1], [0, 1], [-1, -1, 2], [0, 1, 2], [0, 1], [0, 1], [-1, 1], [0, 1], [0, 1], [0, 1, 2], [0, 1], [0, 1]], [[0, 1], [0, 1], [0, 1], [0, 1, 2], [0, 1, 2], [0, 1], [0, -1], [0, -1], [0, 1], [0, 1], [0, 1, 2], [0, 1], [0, 1]], [[0, 1], [0, 1], [0, 1], [0, 1, 2], [-1, 1, 2], [0, 1], [-1, 1], [-1, 1], [0, 1], [0, 1], [0, 1, 2], [0, 1], [0, 1]], [[0, 1], [0, 1], [0, 1], [0, 1, 2], [0, -1, -1], [0, 1], [-1, 1], [-1, 1], [0, 1], [0, 1], [0, 1, 2], [0, 1], [0, 1]]]",0.5833333333333334,"[[0, 1], [0, 0.5], [0, 1], [0, 1, 2], [-1, 1, -1], [0, 1], [0, -1], [0, 1], [0, 1], [0, 1], [0, 1, 2], [0, 1], [0, 1]]",{11}
CEGFA,../../networks/japanese/japanese_3_8_fc.onnx,,,18.814562559127808,[],"[[[0, 1], [0, 1], [0, 1], [-1, -1, 2], [0, 1, 2], [0, 1], [0, 1], [-1, 1], [0, 1], [0, 1], [0, 1, 2], [0, 1], [0, 1]], [[0, 1], [0, 1], [0, 1], [0, 1, 2], [0, 1, 2], [0, 1], [0, -1], [0, -1], [0, 1], [0, 1], [0, 1, 2], [0, 1], [0, 1]], [[0, 1], [0, 1], [0, 1], [0, 1, 2], [-1, 1, 2], [0, 1], [-1, 1], [-1, 1], [0, 1], [0, 1], [0, 1, 2], [0, 1], [0, 1]], [[0, 1], [0, 1], [0, 1], [0, 1, 2], [0, -1, -1], [0, 1], [-1, 1], [-1, 1], [0, 1], [0, 1], [0, 1, 2], [0, 1], [0, 1]]]",0.5833333333333334,"[[0, 1], [0, 0.5], [0, 1], [0, 1, 2], [0, 1, 2], [0, 1], [0, -1], [0, 1], [0, 1], [0, 1], [0, 1, 2], [0, 1], [0, 1]]",{11}
CEGFA,../../networks/japanese/japanese_3_8_fc.onnx,,,19.26659083366394,[],"[[[0, 1], [0, 1], [0, 1], [-1, -1, 2], [0, 1, 2], [0, 1], [0, 1], [-1, 1], [0, 1], [0, 1], [0, 1, 2], [0, 1], [0, 1]], [[0, 1], [0, 1], [0, 1], [0, 1, 2], [0, 1, 2], [0, 1], [0, -1], [0, -1], [0, 1], [0, 1], [0, 1, 2], [0, 1], [0, 1]], [[0, 1], [0, 1], [0, 1], [0, 1, 2], [-1, 1, 2], [0, 1], [-1, 1], [-1, 1], [0, 1], [0, 1], [0, 1, 2], [0, 1], [0, 1]], [[0, 1], [0, 1], [0, 1], [0, 1, 2], [0, -1, -1], [0, 1], [-1, 1], [-1, 1], [0, 1], [0, 1], [0, 1, 2], [0, 1], [0, 1]]]",0.5833333333333334,"[[0, 1], [0.5, 1], [0, 1], [0, 1, 2], [0, 1, 2], [0, 1], [0, -1], [0, 1], [0, 1], [0, -1], [0, 1, 2], [0, 1], [0, 1]]",{11}
CEGFA,../../networks/japanese/japanese_3_8_fc.onnx,,,19.584446907043457,[],"[[[0, 1], [0, 1], [0, 1], [-1, -1, 2], [0, 1, 2], [0, 1], [0, 1], [-1, 1], [0, 1], [0, 1], [0, 1, 2], [0, 1], [0, 1]], [[0, 1], [0, 1], [0, 1], [0, 1, 2], [0, 1, 2], [0, 1], [0, -1], [0, -1], [0, 1], [0, 1], [0, 1, 2], [0, 1], [0, 1]], [[0, 1], [0, 1], [0, 1], [0, 1, 2], [-1, 1, 2], [0, 1], [-1, 1], [-1, 1], [0, 1], [0, 1], [0, 1, 2], [0, 1], [0, 1]], [[0, 1], [0, 1], [0, 1], [0, 1, 2], [0, -1, -1], [0, 1], [-1, 1], [-1, 1], [0, 1], [0, 1], [0, 1, 2], [0, 1], [0, 1]]]",0.5833333333333334,"[[0, 1], [0.5, 1], [0, 1], [0, 1, 2], [0, 1, 2], [0, 1], [0, -1], [0, 1], [0, 1], [-1, 1], [0, 1, 2], [0, 1], [0, 1]]",{11}
CEGFA,../../networks/japanese/japanese_3_8_fc.onnx,,,20.62752366065979,[],"[[[0, 1], [0, 1], [0, 1], [-1, -1, 2], [0, 1, 2], [0, 1], [0, 1], [-1, 1], [0, 1], [0, 1], [0, 1, 2], [0, 1], [0, 1]], [[0, 1], [0, 1], [0, 1], [0, 1, 2], [0, 1, 2], [0, 1], [0, -1], [0, -1], [0, 1], [0, 1], [0, 1, 2], [0, 1], [0, 1]], [[0, 1], [0, 1], [0, 1], [0, 1, 2], [-1, 1, 2], [0, 1], [-1, 1], [-1, 1], [0, 1], [0, 1], [0, 1, 2], [0, 1], [0, 1]], [[0, 1], [0, 1], [0, 1], [0, 1, 2], [0, -1, -1], [0, 1], [-1, 1], [-1, 1], [0, 1], [0, 1], [0, 1, 2], [0, 1], [0, 1]]]",0.5833333333333334,"[[0, 1], [0.5, 1], [0, 1], [0, 1, 2], [0, 1, 2], [0, 1], [0, -1], [0, 1], [0, 1], [0, 1], [0, 1, 2], [0, 1], [0, 1]]",{11}
CEGFA,../../networks/japanese/japanese_3_8_fc.onnx,,,21.102186679840088,[],"[[[0, 1], [0, 1], [0, 1], [-1, -1, 2], [0, 1, 2], [0, 1], [0, 1], [-1, 1], [0, 1], [0, 1], [0, 1, 2], [0, 1], [0, 1]], [[0, 1], [0, 1], [0, 1], [0, 1, 2], [0, 1, 2], [0, 1], [0, -1], [0, -1], [0, 1], [0, 1], [0, 1, 2], [0, 1], [0, 1]], [[0, 1], [0, 1], [0, 1], [0, 1, 2], [-1, 1, 2], [0, 1], [-1, 1], [-1, 1], [0, 1], [0, 1], [0, 1, 2], [0, 1], [0, 1]], [[0, 1], [0, 1], [0, 1], [0, 1, 2], [0, -1, -1], [0, 1], [-1, 1], [-1, 1], [0, 1], [0, 1], [0, 1, 2], [0, 1], [0, 1]]]",0.5833333333333334,"[[0, 1], [0, 1], [0, 0.5], [0, 1, 2], [0, 1, 2], [0, 1], [0, -1], [0, 1], [0, 1], [0, 1], [0, 1, 2], [0, 1], [0, 1]]","{12, 13}"
CEGFA,../../networks/japanese/japanese_3_8_fc.onnx,,,21.884978532791138,[],"[[[0, 1], [0, 1], [0, 1], [-1, -1, 2], [0, 1, 2], [0, 1], [0, 1], [-1, 1], [0, 1], [0, 1], [0, 1, 2], [0, 1], [0, 1]], [[0, 1], [0, 1], [0, 1], [0, 1, 2], [0, 1, 2], [0, 1], [0, -1], [0, -1], [0, 1], [0, 1], [0, 1, 2], [0, 1], [0, 1]], [[0, 1], [0, 1], [0, 1], [0, 1, 2], [-1, 1, 2], [0, 1], [-1, 1], [-1, 1], [0, 1], [0, 1], [0, 1, 2], [0, 1], [0, 1]], [[0, 1], [0, 1], [0, 1], [0, 1, 2], [0, -1, -1], [0, 1], [-1, 1], [-1, 1], [0, 1], [0, 1], [0, 1, 2], [0, 1], [0, 1]]]",0.5833333333333334,"[[0, 1], [0, 1], [0.5, 1], [0, 1, 2], [0, 1, 2], [0, 1], [0, -1], [0, 1], [0, 1], [0, 1], [0, 1, 2], [0, 1], [0, 1]]","{12, 13}"
CEGFA,../../networks/japanese/japanese_3_8_fc.onnx,,,24.022650241851807,[],"[[[0, 1], [0, 1], [0, 1], [-1, -1, 2], [0, 1, 2], [0, 1], [0, 1], [-1, 1], [0, 1], [0, 1], [0, 1, 2], [0, 1], [0, 1]], [[0, 1], [0, 1], [0, 1], [0, 1, 2], [0, 1, 2], [0, 1], [0, -1], [0, -1], [0, 1], [0, 1], [0, 1, 2], [0, 1], [0, 1]], [[0, 1], [0, 1], [0, 1], [0, 1, 2], [-1, 1, 2], [0, 1], [-1, 1], [-1, 1], [0, 1], [0, 1], [0, 1, 2], [0, 1], [0, 1]], [[0, 1], [0, 1], [0, 1], [0, 1, 2], [0, -1, -1], [0, 1], [-1, 1], [-1, 1], [0, 1], [0, 1], [0, 1, 2], [0, 1], [0, 1]]]",0.5833333333333334,"[[0, 1], [0, 1], [0, 1], [0, 1, 2], [0, 1, 2], [0, 1], [0, -1], [0, 1], [0, 1], [0, 1], [0, 1, 2], [0, 1], [0, 1]]","{12, 13}"
CEGFA,../../networks/japanese/japanese_3_8_fc.onnx,,,24.4806809425354,[],"[[[0, 1], [0, 1], [0, 1], [-1, -1, 2], [0, 1, 2], [0, 1], [0, 1], [-1, 1], [0, 1], [0, 1], [0, 1, 2], [0, 1], [0, 1]], [[0, 1], [0, 1], [0, 1], [0, 1, 2], [0, 1, 2], [0, 1], [0, -1], [0, -1], [0, 1], [0, 1], [0, 1, 2], [0, 1], [0, 1]], [[0, 1], [0, 1], [0, 1], [0, 1, 2], [-1, 1, 2], [0, 1], [-1, 1], [-1, 1], [0, 1], [0, 1], [0, 1, 2], [0, 1], [0, 1]], [[0, 1], [0, 1], [0, 1], [0, 1, 2], [0, -1, -1], [0, 1], [-1, 1], [-1, 1], [0, 1], [0, 1], [0, 1, 2], [0, 1], [0, 1]]]",0.5833333333333334,"[[0, 1], [0, 0.5], [0, 1], [0, 1, 2], [0, 1, 2], [0, 0.5], [0, 1], [0, 1], [0, 1], [0, 1], [0, 1, 2], [0, 1], [0, 1]]","{12, 13}"
CEGFA,../../networks/japanese/japanese_3_8_fc.onnx,,,24.85440492630005,[],"[[[0, 1], [0, 1], [0, 1], [-1, -1, 2], [0, 1, 2], [0, 1], [0, 1], [-1, 1], [0, 1], [0, 1], [0, 1, 2], [0, 1], [0, 1]], [[0, 1], [0, 1], [0, 1], [0, 1, 2], [0, 1, 2], [0, 1], [0, -1], [0, -1], [0, 1], [0, 1], [0, 1, 2], [0, 1], [0, 1]], [[0, 1], [0, 1], [0, 1], [0, 1, 2], [-1, 1, 2], [0, 1], [-1, 1], [-1, 1], [0, 1], [0, 1], [0, 1, 2], [0, 1], [0, 1]], [[0, 1], [0, 1], [0, 1], [0, 1, 2], [0, -1, -1], [0, 1], [-1, 1], [-1, 1], [0, 1], [0, 1], [0, 1, 2], [0, 1], [0, 1]]]",0.5833333333333334,"[[0, 1], [0, 0.5], [0, 1], [0, 1, 2], [0, 1, 2], [0.5, 1], [0, 1], [0, 1], [0, 1], [0, 1], [0, 1, 2], [0, 1], [0, 1]]","{12, 13}"
CEGFA,../../networks/japanese/japanese_3_8_fc.onnx,,,99.60663199424744,[],"[[[0, 1], [0, 1], [0, 1], [-1, -1, 2], [0, 1, 2], [0, 1], [0, 1], [-1, 1], [0, 1], [0, 1], [0, 1, 2], [0, 1], [0, 1]], [[0, 1], [0, 1], [0, 1], [0, 1, 2], [0, 1, 2], [0, 1], [0, -1], [0, -1], [0, 1], [0, 1], [0, 1, 2], [0, 1], [0, 1]], [[0, 1], [0, 1], [0, 1], [0, 1, 2], [-1, 1, 2], [0, 1], [-1, 1], [-1, 1], [0, 1], [0, 1], [0, 1, 2], [0, 1], [0, 1]], [[0, 1], [0, 1], [0, 1], [0, 1, 2], [0, -1, -1], [0, 1], [-1, 1], [-1, 1], [0, 1], [0, 1], [0, 1, 2], [0, 1], [0, 1]]]",0.5833333333333334,"[[0, 1], [0, 0.5], [0, 1], [0, 1, 2], [0, 1, 2], [0, 1], [0, 1], [0, 1], [0, 1], [0, 1], [0, 1, 2], [0, 1], [0, 1]]","{12, 13}"
CEGFA,../../networks/japanese/japanese_3_8_fc.onnx,,,100.3694019317627,[],"[[[0, 1], [0, 1], [0, 1], [-1, -1, 2], [0, 1, 2], [0, 1], [0, 1], [-1, 1], [0, 1], [0, 1], [0, 1, 2], [0, 1], [0, 1]], [[0, 1], [0, 1], [0, 1], [0, 1, 2], [0, 1, 2], [0, 1], [0, -1], [0, -1], [0, 1], [0, 1], [0, 1, 2], [0, 1], [0, 1]], [[0, 1], [0, 1], [0, 1], [0, 1, 2], [-1, 1, 2], [0, 1], [-1, 1], [-1, 1], [0, 1], [0, 1], [0, 1, 2], [0, 1], [0, 1]], [[0, 1], [0, 1], [0, 1], [0, 1, 2], [0, -1, -1], [0, 1], [-1, 1], [-1, 1], [0, 1], [0, 1], [0, 1, 2], [0, 1], [0, 1]]]",0.5833333333333334,"[[0, 1], [0.5, 1], [0, 1], [0, 1, 2], [0, 1, 2], [0, 1], [0, 1], [0, 1], [0, 1], [0, 1], [0, 1, 2], [0, 1], [0, 0.5]]","{12, 13}"
CEGFA,../../networks/japanese/japanese_3_8_fc.onnx,,,100.94539380073547,[],"[[[0, 1], [0, 1], [0, 1], [-1, -1, 2], [0, 1, 2], [0, 1], [0, 1], [-1, 1], [0, 1], [0, 1], [0, 1, 2], [0, 1], [0, 1]], [[0, 1], [0, 1], [0, 1], [0, 1, 2], [0, 1, 2], [0, 1], [0, -1], [0, -1], [0, 1], [0, 1], [0, 1, 2], [0, 1], [0, 1]], [[0, 1], [0, 1], [0, 1], [0, 1, 2], [-1, 1, 2], [0, 1], [-1, 1], [-1, 1], [0, 1], [0, 1], [0, 1, 2], [0, 1], [0, 1]], [[0, 1], [0, 1], [0, 1], [0, 1, 2], [0, -1, -1], [0, 1], [-1, 1], [-1, 1], [0, 1], [0, 1], [0, 1, 2], [0, 1], [0, 1]]]",0.5833333333333334,"[[0, 1], [0.5, 1], [0, 1], [0, 1, 2], [0, 1, 2], [0, 1], [0, 1], [0, 1], [0, 1], [0, 1], [0, 1, 2], [0, 1], [0.5, 1]]","{12, 13}"
CEGFA,../../networks/japanese/japanese_3_8_fc.onnx,,,101.43021273612976,[],"[[[0, 1], [0, 1], [0, 1], [-1, -1, 2], [0, 1, 2], [0, 1], [0, 1], [-1, 1], [0, 1], [0, 1], [0, 1, 2], [0, 1], [0, 1]], [[0, 1], [0, 1], [0, 1], [0, 1, 2], [0, 1, 2], [0, 1], [0, -1], [0, -1], [0, 1], [0, 1], [0, 1, 2], [0, 1], [0, 1]], [[0, 1], [0, 1], [0, 1], [0, 1, 2], [-1, 1, 2], [0, 1], [-1, 1], [-1, 1], [0, 1], [0, 1], [0, 1, 2], [0, 1], [0, 1]], [[0, 1], [0, 1], [0, 1], [0, 1, 2], [0, -1, -1], [0, 1], [-1, 1], [-1, 1], [0, 1], [0, 1], [0, 1, 2], [0, 1], [0, 1]]]",0.5833333333333334,"[[0, 1], [0.5, 1], [0, 1], [0, 1, 2], [0, 1, 2], [0, 1], [0, 1], [0, 1], [0, 1], [0, 1], [0, 1, 2], [0, 1], [0, 1]]","{12, 13}"
CEGFA,../../networks/japanese/japanese_3_8_fc.onnx,,,101.99597477912903,[],"[[[0, 1], [0, 1], [0, 1], [-1, -1, 2], [0, 1, 2], [0, 1], [0, 1], [-1, 1], [0, 1], [0, 1], [0, 1, 2], [0, 1], [0, 1]], [[0, 1], [0, 1], [0, 1], [0, 1, 2], [0, 1, 2], [0, 1], [0, -1], [0, -1], [0, 1], [0, 1], [0, 1, 2], [0, 1], [0, 1]], [[0, 1], [0, 1], [0, 1], [0, 1, 2], [-1, 1, 2], [0, 1], [-1, 1], [-1, 1], [0, 1], [0, 1], [0, 1, 2], [0, 1], [0, 1]], [[0, 1], [0, 1], [0, 1], [0, 1, 2], [0, -1, -1], [0, 1], [-1, 1], [-1, 1], [0, 1], [0, 1], [0, 1, 2], [0, 1], [0, 1]]]",0.5833333333333334,"[[0, 1], [0, 1], [0, 1], [0, 1, 2], [0, 1, 2], [0, 1], [0, -1], [0, 1], [0, 1], [0, 1], [0, 1, 2], [0, 1], [0, 1]]","{12, 13}"
CEGFA,../../networks/japanese/japanese_3_8_fc.onnx,,,102.53237271308899,[],"[[[0, 1], [0, 1], [0, 1], [-1, -1, 2], [0, 1, 2], [0, 1], [0, 1], [-1, 1], [0, 1], [0, 1], [0, 1, 2], [0, 1], [0, 1]], [[0, 1], [0, 1], [0, 1], [0, 1, 2], [0, 1, 2], [0, 1], [0, -1], [0, -1], [0, 1], [0, 1], [0, 1, 2], [0, 1], [0, 1]], [[0, 1], [0, 1], [0, 1], [0, 1, 2], [-1, 1, 2], [0, 1], [-1, 1], [-1, 1], [0, 1], [0, 1], [0, 1, 2], [0, 1], [0, 1]], [[0, 1], [0, 1], [0, 1], [0, 1, 2], [0, -1, -1], [0, 1], [-1, 1], [-1, 1], [0, 1], [0, 1], [0, 1, 2], [0, 1], [0, 1]]]",0.5833333333333334,"[[0, 1], [0, 1], [0, 1], [0, 1, 2], [0, 1, 2], [0, 1], [-1, 1], [0, 1], [0, 1], [0, 1], [0, 1, 2], [0, 1], [0, 1]]","{12, 13}"
CEGFA,../../networks/japanese/japanese_3_8_fc.onnx,,,102.85275864601135,[],"[[[0, 1], [0, 1], [0, 1], [-1, -1, 2], [0, 1, 2], [0, 1], [0, 1], [-1, 1], [0, 1], [0, 1], [0, 1, 2], [0, 1], [0, 1]], [[0, 1], [0, 1], [0, 1], [0, 1, 2], [0, 1, 2], [0, 1], [0, -1], [0, -1], [0, 1], [0, 1], [0, 1, 2], [0, 1], [0, 1]], [[0, 1], [0, 1], [0, 1], [0, 1, 2], [-1, 1, 2], [0, 1], [-1, 1], [-1, 1], [0, 1], [0, 1], [0, 1, 2], [0, 1], [0, 1]], [[0, 1], [0, 1], [0, 1], [0, 1, 2], [0, -1, -1], [0, 1], [-1, 1], [-1, 1], [0, 1], [0, 1], [0, 1, 2], [0, 1], [0, 1]]]",0.5833333333333334,"[[0, 1], [0, 1], [0, 1], [0, 1, 2], [0, 1, 2], [0, 1], [0, 1], [0, 1], [0, 1], [0, 1], [0, 1, 2], [0, 1], [0, 1]]","{12, 13}"
CEGFA,../../networks/japanese/japanese_3_8_fc.onnx,,,103.79469585418701,[],"[[[0, 1], [0, 1], [0, 1], [-1, -1, 2], [0, 1, 2], [0, 1], [0, 1], [-1, 1], [0, 1], [0, 1], [0, 1, 2], [0, 1], [0, 1]], [[0, 1], [0, 1], [0, 1], [0, 1, 2], [0, 1, 2], [0, 1], [0, -1], [0, -1], [0, 1], [0, 1], [0, 1, 2], [0, 1], [0, 1]], [[0, 1], [0, 1], [0, 1], [0, 1, 2], [-1, 1, 2], [0, 1], [-1, 1], [-1, 1], [0, 1], [0, 1], [0, 1, 2], [0, 1], [0, 1]], [[0, 1], [0, 1], [0, 1], [0, 1, 2], [0, -1, -1], [0, 1], [-1, 1], [-1, 1], [0, 1], [0, 1], [0, 1, 2], [0, 1], [0, 1]]]",0.5833333333333334,"[[0, 1], [0, 1], [0, 1], [0, 1, 2], [0, 1, 2], [0, 1], [0, 1], [-1, 1], [0, 1], [0, 1], [0, 1, 2], [0, 1], [0, 1]]","{12, 13}"
CEGFA,../../networks/japanese/japanese_3_8_fc.onnx,,,104.31555485725403,[],"[[[0, 1], [0, 1], [0, 1], [-1, -1, 2], [0, 1, 2], [0, 1], [0, 1], [-1, 1], [0, 1], [0, 1], [0, 1, 2], [0, 1], [0, 1]], [[0, 1], [0, 1], [0, 1], [0, 1, 2], [0, 1, 2], [0, 1], [0, -1], [0, -1], [0, 1], [0, 1], [0, 1, 2], [0, 1], [0, 1]], [[0, 1], [0, 1], [0, 1], [0, 1, 2], [-1, 1, 2], [0, 1], [-1, 1], [-1, 1], [0, 1], [0, 1], [0, 1, 2], [0, 1], [0, 1]], [[0, 1], [0, 1], [0, 1], [0, 1, 2], [0, -1, -1], [0, 1], [-1, 1], [-1, 1], [0, 1], [0, 1], [0, 1, 2], [0, 1], [0, 1]]]",0.5833333333333334,"[[0, 1], [0, 1], [0, 1], [0, 1, 2], [0, 1, 2], [0, 1], [0, 1], [0, -1], [0, 1], [0, 1], [0, 1, 2], [0, 1], [0, 1]]","{12, 13}"
CEGFA,../../networks/japanese/japanese_3_8_fc.onnx,,,104.83830618858337,[],"[[[0, 1], [0, 1], [0, 1], [-1, -1, 2], [0, 1, 2], [0, 1], [0, 1], [-1, 1], [0, 1], [0, 1], [0, 1, 2], [0, 1], [0, 1]], [[0, 1], [0, 1], [0, 1], [0, 1, 2], [0, 1, 2], [0, 1], [0, -1], [0, -1], [0, 1], [0, 1], [0, 1, 2], [0, 1], [0, 1]], [[0, 1], [0, 1], [0, 1], [0, 1, 2], [-1, 1, 2], [0, 1], [-1, 1], [-1, 1], [0, 1], [0, 1], [0, 1, 2], [0, 1], [0, 1]], [[0, 1], [0, 1], [0, 1], [0, 1, 2], [0, -1, -1], [0, 1], [-1, 1], [-1, 1], [0, 1], [0, 1], [0, 1, 2], [0, 1], [0, 1]]]",0.5833333333333334,"[[0, 1], [0, 1], [0, 1], [0, 1, 2], [0, 1, 2], [0, 1], [0, 1], [0, 1], [0, 1], [0, 1], [0, 1, 2], [0, 1], [0, 1]]","{12, 13}"
CEGFA,../../networks/japanese/japanese_3_8_fc.onnx,,,105.4055712223053,[],"[[[0, 1], [0, 1], [0, 1], [-1, -1, 2], [0, 1, 2], [0, 1], [0, 1], [-1, 1], [0, 1], [0, 1], [0, 1, 2], [0, 1], [0, 1]], [[0, 1], [0, 1], [0, 1], [0, 1, 2], [0, 1, 2], [0, 1], [0, -1], [0, -1], [0, 1], [0, 1], [0, 1, 2], [0, 1], [0, 1]], [[0, 1], [0, 1], [0, 1], [0, 1, 2], [-1, 1, 2], [0, 1], [-1, 1], [-1, 1], [0, 1], [0, 1], [0, 1, 2], [0, 1], [0, 1]], [[0, 1], [0, 1], [0, 1], [0, 1, 2], [0, -1, -1], [0, 1], [-1, 1], [-1, 1], [0, 1], [0, 1], [0, 1, 2], [0, 1], [0, 1]]]",0.5833333333333334,"[[0, 1], [0, 1], [0, 1], [0, 1, -1], [0, 1, 2], [0, 1], [0, 1], [-1, 1], [0, 1], [0, 1], [0, 1, 2], [0, 0.5], [0, 1]]","{12, 13}"
CEGFA,../../networks/japanese/japanese_3_8_fc.onnx,,,106.00384306907654,[],"[[[0, 1], [0, 1], [0, 1], [-1, -1, 2], [0, 1, 2], [0, 1], [0, 1], [-1, 1], [0, 1], [0, 1], [0, 1, 2], [0, 1], [0, 1]], [[0, 1], [0, 1], [0, 1], [0, 1, 2], [0, 1, 2], [0, 1], [0, -1], [0, -1], [0, 1], [0, 1], [0, 1, 2], [0, 1], [0, 1]], [[0, 1], [0, 1], [0, 1], [0, 1, 2], [-1, 1, 2], [0, 1], [-1, 1], [-1, 1], [0, 1], [0, 1], [0, 1, 2], [0, 1], [0, 1]], [[0, 1], [0, 1], [0, 1], [0, 1, 2], [0, -1, -1], [0, 1], [-1, 1], [-1, 1], [0, 1], [0, 1], [0, 1, 2], [0, 1], [0, 1]]]",0.5833333333333334,"[[0, 1], [0, 1], [0, 1], [0, 1, -1], [0, 1, 2], [0, 1], [0, 1], [-1, 1], [0, 1], [0, 1], [0, 1, 2], [0.5, 1], [0, 1]]","{12, 13}"
CEGFA,../../networks/japanese/japanese_3_8_fc.onnx,,,106.4152991771698,[],"[[[0, 1], [0, 1], [0, 1], [-1, -1, 2], [0, 1, 2], [0, 1], [0, 1], [-1, 1], [0, 1], [0, 1], [0, 1, 2], [0, 1], [0, 1]], [[0, 1], [0, 1], [0, 1], [0, 1, 2], [0, 1, 2], [0, 1], [0, -1], [0, -1], [0, 1], [0, 1], [0, 1, 2], [0, 1], [0, 1]], [[0, 1], [0, 1], [0, 1], [0, 1, 2], [-1, 1, 2], [0, 1], [-1, 1], [-1, 1], [0, 1], [0, 1], [0, 1, 2], [0, 1], [0, 1]], [[0, 1], [0, 1], [0, 1], [0, 1, 2], [0, -1, -1], [0, 1], [-1, 1], [-1, 1], [0, 1], [0, 1], [0, 1, 2], [0, 1], [0, 1]]]",0.5833333333333334,"[[0, 1], [0, 1], [0, 1], [0, 1, -1], [0, 1, 2], [0, 1], [0, 1], [-1, 1], [0, 1], [0, 1], [0, 1, 2], [0, 1], [0, 1]]","{12, 13}"
CEGFA,../../networks/japanese/japanese_3_8_fc.onnx,,,107.01305627822876,[],"[[[0, 1], [0, 1], [0, 1], [-1, -1, 2], [0, 1, 2], [0, 1], [0, 1], [-1, 1], [0, 1], [0, 1], [0, 1, 2], [0, 1], [0, 1]], [[0, 1], [0, 1], [0, 1], [0, 1, 2], [0, 1, 2], [0, 1], [0, -1], [0, -1], [0, 1], [0, 1], [0, 1, 2], [0, 1], [0, 1]], [[0, 1], [0, 1], [0, 1], [0, 1, 2], [-1, 1, 2], [0, 1], [-1, 1], [-1, 1], [0, 1], [0, 1], [0, 1, 2], [0, 1], [0, 1]], [[0, 1], [0, 1], [0, 1], [0, 1, 2], [0, -1, -1], [0, 1], [-1, 1], [-1, 1], [0, 1], [0, 1], [0, 1, 2], [0, 1], [0, 1]]]",0.5833333333333334,"[[0, 1], [0, 1], [0, 1], [0, 1, 2], [0, 1, 2], [0, 1], [0, 1], [-1, 1], [0, 1], [0, 1], [-1, 1, 2], [0, 1], [0, 1]]","{12, 13}"
CEGFA,../../networks/japanese/japanese_3_8_fc.onnx,,,107.4240050315857,[],"[[[0, 1], [0, 1], [0, 1], [-1, -1, 2], [0, 1, 2], [0, 1], [0, 1], [-1, 1], [0, 1], [0, 1], [0, 1, 2], [0, 1], [0, 1]], [[0, 1], [0, 1], [0, 1], [0, 1, 2], [0, 1, 2], [0, 1], [0, -1], [0, -1], [0, 1], [0, 1], [0, 1, 2], [0, 1], [0, 1]], [[0, 1], [0, 1], [0, 1], [0, 1, 2], [-1, 1, 2], [0, 1], [-1, 1], [-1, 1], [0, 1], [0, 1], [0, 1, 2], [0, 1], [0, 1]], [[0, 1], [0, 1], [0, 1], [0, 1, 2], [0, -1, -1], [0, 1], [-1, 1], [-1, 1], [0, 1], [0, 1], [0, 1, 2], [0, 1], [0, 1]]]",0.5833333333333334,"[[0, 1], [0, 1], [0, 1], [0, 1, 2], [0, 1, 2], [0, 1], [0, 1], [-1, 1], [0, 1], [0, 1], [0, -1, -1], [0, 1], [0, 1]]","{12, 13}"
CEGFA,../../networks/japanese/japanese_3_8_fc.onnx,,,109.059494972229,[],"[[[0, 1], [0, 1], [0, 1], [-1, -1, 2], [0, 1, 2], [0, 1], [0, 1], [-1, 1], [0, 1], [0, 1], [0, 1, 2], [0, 1], [0, 1]], [[0, 1], [0, 1], [0, 1], [0, 1, 2], [0, 1, 2], [0, 1], [0, -1], [0, -1], [0, 1], [0, 1], [0, 1, 2], [0, 1], [0, 1]], [[0, 1], [0, 1], [0, 1], [0, 1, 2], [-1, 1, 2], [0, 1], [-1, 1], [-1, 1], [0, 1], [0, 1], [0, 1, 2], [0, 1], [0, 1]], [[0, 1], [0, 1], [0, 1], [0, 1, 2], [0, -1, -1], [0, 1], [-1, 1], [-1, 1], [0, 1], [0, 1], [0, 1, 2], [0, 1], [0, 1]]]",0.5833333333333334,"[[0, 1], [0, 1], [0, 1], [0, 1, 2], [0, 1, 2], [0, 1], [0, 1], [-1, 1], [0, 1], [0, 1], [0, 1, 2], [0, 1], [0, 1]]","{12, 13}"
CEGFA,../../networks/japanese/japanese_3_8_fc.onnx,,,109.36550807952881,[],"[[[0, 1], [0, 1], [0, 1], [-1, -1, 2], [0, 1, 2], [0, 1], [0, 1], [-1, 1], [0, 1], [0, 1], [0, 1, 2], [0, 1], [0, 1]], [[0, 1], [0, 1], [0, 1], [0, 1, 2], [0, 1, 2], [0, 1], [0, -1], [0, -1], [0, 1], [0, 1], [0, 1, 2], [0, 1], [0, 1]], [[0, 1], [0, 1], [0, 1], [0, 1, 2], [-1, 1, 2], [0, 1], [-1, 1], [-1, 1], [0, 1], [0, 1], [0, 1, 2], [0, 1], [0, 1]], [[0, 1], [0, 1], [0, 1], [0, 1, 2], [0, -1, -1], [0, 1], [-1, 1], [-1, 1], [0, 1], [0, 1], [0, 1, 2], [0, 1], [0, 1]]]",0.5833333333333334,"[[0, 1], [0, 0.5], [0, 1], [0, 1, 2], [0, 1, 2], [0, 1], [-1, 1], [0, -1], [0, 1], [0, 1], [0, 1, 2], [0, 1], [0, 1]]","{12, 13}"
CEGFA,../../networks/japanese/japanese_3_8_fc.onnx,,,109.71156096458435,[],"[[[0, 1], [0, 1], [0, 1], [-1, -1, 2], [0, 1, 2], [0, 1], [0, 1], [-1, 1], [0, 1], [0, 1], [0, 1, 2], [0, 1], [0, 1]], [[0, 1], [0, 1], [0, 1], [0, 1, 2], [0, 1, 2], [0, 1], [0, -1], [0, -1], [0, 1], [0, 1], [0, 1, 2], [0, 1], [0, 1]], [[0, 1], [0, 1], [0, 1], [0, 1, 2], [-1, 1, 2], [0, 1], [-1, 1], [-1, 1], [0, 1], [0, 1], [0, 1, 2], [0, 1], [0, 1]], [[0, 1], [0, 1], [0, 1], [0, 1, 2], [0, -1, -1], [0, 1], [-1, 1], [-1, 1], [0, 1], [0, 1], [0, 1, 2], [0, 1], [0, 1]]]",0.5833333333333334,"[[0, 1], [0.5, 1], [0, 1], [0, 1, 2], [0, 1, 2], [0, 1], [-1, 1], [0, -1], [0, 1], [0, 1], [0, 1, 2], [0, 1], [0, 1]]","{12, 13}"
CEGFA,../../networks/japanese/japanese_3_8_fc.onnx,,,109.96085691452026,[],"[[[0, 1], [0, 1], [0, 1], [-1, -1, 2], [0, 1, 2], [0, 1], [0, 1], [-1, 1], [0, 1], [0, 1], [0, 1, 2], [0, 1], [0, 1]], [[0, 1], [0, 1], [0, 1], [0, 1, 2], [0, 1, 2], [0, 1], [0, -1], [0, -1], [0, 1], [0, 1], [0, 1, 2], [0, 1], [0, 1]], [[0, 1], [0, 1], [0, 1], [0, 1, 2], [-1, 1, 2], [0, 1], [-1, 1], [-1, 1], [0, 1], [0, 1], [0, 1, 2], [0, 1], [0, 1]], [[0, 1], [0, 1], [0, 1], [0, 1, 2], [0, -1, -1], [0, 1], [-1, 1], [-1, 1], [0, 1], [0, 1], [0, 1, 2], [0, 1], [0, 1]]]",0.5833333333333334,"[[0, 1], [0, 1], [0, 1], [0, 1, 2], [0, 1, 2], [0, 1], [-1, 1], [0, -1], [0, 1], [0, 1], [0, 1, 2], [0, 1], [0, 1]]","{12, 13}"
CEGFA,../../networks/japanese/japanese_3_8_fc.onnx,,,110.26448607444763,[],"[[[0, 1], [0, 1], [0, 1], [-1, -1, 2], [0, 1, 2], [0, 1], [0, 1], [-1, 1], [0, 1], [0, 1], [0, 1, 2], [0, 1], [0, 1]], [[0, 1], [0, 1], [0, 1], [0, 1, 2], [0, 1, 2], [0, 1], [0, -1], [0, -1], [0, 1], [0, 1], [0, 1, 2], [0, 1], [0, 1]], [[0, 1], [0, 1], [0, 1], [0, 1, 2], [-1, 1, 2], [0, 1], [-1, 1], [-1, 1], [0, 1], [0, 1], [0, 1, 2], [0, 1], [0, 1]], [[0, 1], [0, 1], [0, 1], [0, 1, 2], [0, -1, -1], [0, 1], [-1, 1], [-1, 1], [0, 1], [0, 1], [0, 1, 2], [0, 1], [0, 1]]]",0.5833333333333334,"[[0, 1], [0, 0.5], [0, 1], [0, 1, 2], [0, 1, 2], [0, 1], [0, 1], [0, -1], [0, 1], [0, 1], [0, 1, 2], [0, 1], [0, 1]]","{11, 14}"
CEGFA,../../networks/japanese/japanese_3_8_fc.onnx,,,110.71187329292297,[],"[[[0, 1], [0, 1], [0, 1], [-1, -1, 2], [0, 1, 2], [0, 1], [0, 1], [-1, 1], [0, 1], [0, 1], [0, 1, 2], [0, 1], [0, 1]], [[0, 1], [0, 1], [0, 1], [0, 1, 2], [0, 1, 2], [0, 1], [0, -1], [0, -1], [0, 1], [0, 1], [0, 1, 2], [0, 1], [0, 1]], [[0, 1], [0, 1], [0, 1], [0, 1, 2], [-1, 1, 2], [0, 1], [-1, 1], [-1, 1], [0, 1], [0, 1], [0, 1, 2], [0, 1], [0, 1]], [[0, 1], [0, 1], [0, 1], [0, 1, 2], [0, -1, -1], [0, 1], [-1, 1], [-1, 1], [0, 1], [0, 1], [0, 1, 2], [0, 1], [0, 1]]]",0.5833333333333334,"[[0, 1], [0.5, 1], [0, 1], [0, 1, 2], [0, 1, 2], [0, 1], [0, 1], [0, -1], [0, 1], [0, 1], [0, 1, 2], [0, 1], [0, 1]]","{11, 14}"
CEGFA,../../networks/japanese/japanese_3_8_fc.onnx,,,111.09096837043762,[],"[[[0, 1], [0, 1], [0, 1], [-1, -1, 2], [0, 1, 2], [0, 1], [0, 1], [-1, 1], [0, 1], [0, 1], [0, 1, 2], [0, 1], [0, 1]], [[0, 1], [0, 1], [0, 1], [0, 1, 2], [0, 1, 2], [0, 1], [0, -1], [0, -1], [0, 1], [0, 1], [0, 1, 2], [0, 1], [0, 1]], [[0, 1], [0, 1], [0, 1], [0, 1, 2], [-1, 1, 2], [0, 1], [-1, 1], [-1, 1], [0, 1], [0, 1], [0, 1, 2], [0, 1], [0, 1]], [[0, 1], [0, 1], [0, 1], [0, 1, 2], [0, -1, -1], [0, 1], [-1, 1], [-1, 1], [0, 1], [0, 1], [0, 1, 2], [0, 1], [0, 1]]]",0.5833333333333334,"[[0, 1], [0, 1], [0, 1], [0, 1, 2], [0, 1, 2], [0, 1], [0, 1], [0, -1], [0, 1], [0, 1], [0, 1, 2], [0, 1], [0, 1]]","{11, 14}"
CEGFA,../../networks/japanese/japanese_3_8_fc.onnx,,,111.44770622253418,[],"[[[0, 1], [0, 1], [0, 1], [-1, -1, 2], [0, 1, 2], [0, 1], [0, 1], [-1, 1], [0, 1], [0, 1], [0, 1, 2], [0, 1], [0, 1]], [[0, 1], [0, 1], [0, 1], [0, 1, 2], [0, 1, 2], [0, 1], [0, -1], [0, -1], [0, 1], [0, 1], [0, 1, 2], [0, 1], [0, 1]], [[0, 1], [0, 1], [0, 1], [0, 1, 2], [-1, 1, 2], [0, 1], [-1, 1], [-1, 1], [0, 1], [0, 1], [0, 1, 2], [0, 1], [0, 1]], [[0, 1], [0, 1], [0, 1], [0, 1, 2], [0, -1, -1], [0, 1], [-1, 1], [-1, 1], [0, 1], [0, 1], [0, 1, 2], [0, 1], [0, 1]]]",0.5833333333333334,"[[0, 1], [0, 1], [0, 1], [-1, 1, 2], [0, 1, 2], [0, 1], [0, 1], [0, 1], [0, 1], [0, 1], [0, 1, 2], [0, 1], [0, 0.5]]","{11, 14}"
CEGFA,../../networks/japanese/japanese_3_8_fc.onnx,,,111.67789030075073,[],"[[[0, 1], [0, 1], [0, 1], [-1, -1, 2], [0, 1, 2], [0, 1], [0, 1], [-1, 1], [0, 1], [0, 1], [0, 1, 2], [0, 1], [0, 1]], [[0, 1], [0, 1], [0, 1], [0, 1, 2], [0, 1, 2], [0, 1], [0, -1], [0, -1], [0, 1], [0, 1], [0, 1, 2], [0, 1], [0, 1]], [[0, 1], [0, 1], [0, 1], [0, 1, 2], [-1, 1, 2], [0, 1], [-1, 1], [-1, 1], [0, 1], [0, 1], [0, 1, 2], [0, 1], [0, 1]], [[0, 1], [0, 1], [0, 1], [0, 1, 2], [0, -1, -1], [0, 1], [-1, 1], [-1, 1], [0, 1], [0, 1], [0, 1, 2], [0, 1], [0, 1]]]",0.5833333333333334,"[[0, 1], [0, 1], [0, 1], [0, -1, -1], [0, 1, 2], [0, 1], [0, 1], [0, 1], [0, 1], [0, 1], [0, 1, 2], [0, 1], [0, 0.5]]","{11, 14}"
CEGFA,../../networks/japanese/japanese_3_8_fc.onnx,,,111.70996522903442,[],"[[[0, 1], [0, 1], [0, 1], [-1, -1, 2], [0, 1, 2], [0, 1], [0, 1], [-1, 1], [0, 1], [0, 1], [0, 1, 2], [0, 1], [0, 1]], [[0, 1], [0, 1], [0, 1], [0, 1, 2], [0, 1, 2], [0, 1], [0, -1], [0, -1], [0, 1], [0, 1], [0, 1, 2], [0, 1], [0, 1]], [[0, 1], [0, 1], [0, 1], [0, 1, 2], [-1, 1, 2], [0, 1], [-1, 1], [-1, 1], [0, 1], [0, 1], [0, 1, 2], [0, 1], [0, 1]], [[0, 1], [0, 1], [0, 1], [0, 1, 2], [0, -1, -1], [0, 1], [-1, 1], [-1, 1], [0, 1], [0, 1], [0, 1, 2], [0, 1], [0, 1]], [[0, 1], [0, 1], [0, 1], [0, -1, -1], [0, 1, 2], [0, 1], [0, 1], [0, 1], [0, 1], [0, 1], [0, 1, 2], [0, 1], [0, 0.5]]]",0.6666666666666666,"[[0, 1], [0, 1], [0, 1], [0, 1, 2], [0, 1, 2], [0, 1], [0, 1], [0, 1], [0, 1], [0, 1], [0, 1, 2], [0, 1], [0, 0.5]]","{11, 14}"
CEGFA,../../networks/japanese/japanese_3_8_fc.onnx,,,112.24191117286682,[],"[[[0, 1], [0, 1], [0, 1], [-1, -1, 2], [0, 1, 2], [0, 1], [0, 1], [-1, 1], [0, 1], [0, 1], [0, 1, 2], [0, 1], [0, 1]], [[0, 1], [0, 1], [0, 1], [0, 1, 2], [0, 1, 2], [0, 1], [0, -1], [0, -1], [0, 1], [0, 1], [0, 1, 2], [0, 1], [0, 1]], [[0, 1], [0, 1], [0, 1], [0, 1, 2], [-1, 1, 2], [0, 1], [-1, 1], [-1, 1], [0, 1], [0, 1], [0, 1, 2], [0, 1], [0, 1]], [[0, 1], [0, 1], [0, 1], [0, 1, 2], [0, -1, -1], [0, 1], [-1, 1], [-1, 1], [0, 1], [0, 1], [0, 1, 2], [0, 1], [0, 1]], [[0, 1], [0, 1], [0, 1], [0, -1, -1], [0, 1, 2], [0, 1], [0, 1], [0, 1], [0, 1], [0, 1], [0, 1, 2], [0, 1], [0, 0.5]]]",0.6666666666666666,"[[0, 1], [0, 1], [0, 1], [0, 1, -1], [0, 1, 2], [0, 1], [0, 1], [0, 1], [0, 1], [0, 1], [0, 1, 2], [0, 1], [0.5, 1]]","{11, 14}"
CEGFA,../../networks/japanese/japanese_3_8_fc.onnx,,,112.54973340034485,[],"[[[0, 1], [0, 1], [0, 1], [-1, -1, 2], [0, 1, 2], [0, 1], [0, 1], [-1, 1], [0, 1], [0, 1], [0, 1, 2], [0, 1], [0, 1]], [[0, 1], [0, 1], [0, 1], [0, 1, 2], [0, 1, 2], [0, 1], [0, -1], [0, -1], [0, 1], [0, 1], [0, 1, 2], [0, 1], [0, 1]], [[0, 1], [0, 1], [0, 1], [0, 1, 2], [-1, 1, 2], [0, 1], [-1, 1], [-1, 1], [0, 1], [0, 1], [0, 1, 2], [0, 1], [0, 1]], [[0, 1], [0, 1], [0, 1], [0, 1, 2], [0, -1, -1], [0, 1], [-1, 1], [-1, 1], [0, 1], [0, 1], [0, 1, 2], [0, 1], [0, 1]], [[0, 1], [0, 1], [0, 1], [0, -1, -1], [0, 1, 2], [0, 1], [0, 1], [0, 1], [0, 1], [0, 1], [0, 1, 2], [0, 1], [0, 0.5]]]",0.6666666666666666,"[[0, 1], [0, 1], [0, 1], [-1, -1, 2], [0, 1, 2], [0, 1], [0, 1], [0, 1], [0, 1], [0, 1], [0, 1, 2], [0, 1], [0.5, 1]]","{11, 14}"
CEGFA,../../networks/japanese/japanese_3_8_fc.onnx,,,112.57835125923157,[],"[[[0, 1], [0, 1], [0, 1], [-1, -1, 2], [0, 1, 2], [0, 1], [0, 1], [-1, 1], [0, 1], [0, 1], [0, 1, 2], [0, 1], [0, 1]], [[0, 1], [0, 1], [0, 1], [0, 1, 2], [0, 1, 2], [0, 1], [0, -1], [0, -1], [0, 1], [0, 1], [0, 1, 2], [0, 1], [0, 1]], [[0, 1], [0, 1], [0, 1], [0, 1, 2], [-1, 1, 2], [0, 1], [-1, 1], [-1, 1], [0, 1], [0, 1], [0, 1, 2], [0, 1], [0, 1]], [[0, 1], [0, 1], [0, 1], [0, 1, 2], [0, -1, -1], [0, 1], [-1, 1], [-1, 1], [0, 1], [0, 1], [0, 1, 2], [0, 1], [0, 1]], [[0, 1], [0, 1], [0, 1], [0, -1, -1], [0, 1, 2], [0, 1], [0, 1], [0, 1], [0, 1], [0, 1], [0, 1, 2], [0, 1], [0, 0.5]], [[0, 1], [0, 1], [0, 1], [-1, -1, 2], [0, 1, 2], [0, 1], [0, 1], [0, 1], [0, 1], [0, 1], [0, 1, 2], [0, 1], [0.5, 1]]]",0.7083333333333334,"[[0, 1], [0, 1], [0, 1], [0, 1, 2], [0, 1, 2], [0, 1], [0, 1], [0, 1], [0, 1], [0, 1], [0, 1, 2], [0, 1], [0.5, 1]]","{11, 14}"
CEGFA,../../networks/japanese/japanese_3_8_fc.onnx,,,113.27939414978027,[],"[[[0, 1], [0, 1], [0, 1], [-1, -1, 2], [0, 1, 2], [0, 1], [0, 1], [-1, 1], [0, 1], [0, 1], [0, 1, 2], [0, 1], [0, 1]], [[0, 1], [0, 1], [0, 1], [0, 1, 2], [0, 1, 2], [0, 1], [0, -1], [0, -1], [0, 1], [0, 1], [0, 1, 2], [0, 1], [0, 1]], [[0, 1], [0, 1], [0, 1], [0, 1, 2], [-1, 1, 2], [0, 1], [-1, 1], [-1, 1], [0, 1], [0, 1], [0, 1, 2], [0, 1], [0, 1]], [[0, 1], [0, 1], [0, 1], [0, 1, 2], [0, -1, -1], [0, 1], [-1, 1], [-1, 1], [0, 1], [0, 1], [0, 1, 2], [0, 1], [0, 1]], [[0, 1], [0, 1], [0, 1], [0, -1, -1], [0, 1, 2], [0, 1], [0, 1], [0, 1], [0, 1], [0, 1], [0, 1, 2], [0, 1], [0, 0.5]], [[0, 1], [0, 1], [0, 1], [-1, -1, 2], [0, 1, 2], [0, 1], [0, 1], [0, 1], [0, 1], [0, 1], [0, 1, 2], [0, 1], [0.5, 1]]]",0.7083333333333334,"[[0, 1], [0, 1], [0, 1], [-1, 1, 2], [0, 1, 2], [0, 1], [0, 1], [0, 1], [0, 1], [0, 1], [0, 1, 2], [0, 1], [0, 1]]","{11, 14}"
CEGFA,../../networks/japanese/japanese_3_8_fc.onnx,,,113.4862232208252,[],"[[[0, 1], [0, 1], [0, 1], [-1, -1, 2], [0, 1, 2], [0, 1], [0, 1], [-1, 1], [0, 1], [0, 1], [0, 1, 2], [0, 1], [0, 1]], [[0, 1], [0, 1], [0, 1], [0, 1, 2], [0, 1, 2], [0, 1], [0, -1], [0, -1], [0, 1], [0, 1], [0, 1, 2], [0, 1], [0, 1]], [[0, 1], [0, 1], [0, 1], [0, 1, 2], [-1, 1, 2], [0, 1], [-1, 1], [-1, 1], [0, 1], [0, 1], [0, 1, 2], [0, 1], [0, 1]], [[0, 1], [0, 1], [0, 1], [0, 1, 2], [0, -1, -1], [0, 1], [-1, 1], [-1, 1], [0, 1], [0, 1], [0, 1, 2], [0, 1], [0, 1]], [[0, 1], [0, 1], [0, 1], [0, -1, -1], [0, 1, 2], [0, 1], [0, 1], [0, 1], [0, 1], [0, 1], [0, 1, 2], [0, 1], [0, 0.5]], [[0, 1], [0, 1], [0, 1], [-1, -1, 2], [0, 1, 2], [0, 1], [0, 1], [0, 1], [0, 1], [0, 1], [0, 1, 2], [0, 1], [0.5, 1]]]",0.7083333333333334,"[[0, 1], [0, 1], [0, 1], [0, -1, -1], [0, 1, 2], [0, 1], [0, 1], [0, 1], [0, 1], [0, 1], [0, 1, 2], [0, 1], [0, 1]]","{3, 12, 14}"
CEGFA,../../networks/japanese/japanese_3_8_fc.onnx,,,113.52317810058594,[],"[[[0, 1], [0, 1], [0, 1], [-1, -1, 2], [0, 1, 2], [0, 1], [0, 1], [-1, 1], [0, 1], [0, 1], [0, 1, 2], [0, 1], [0, 1]], [[0, 1], [0, 1], [0, 1], [0, 1, 2], [0, 1, 2], [0, 1], [0, -1], [0, -1], [0, 1], [0, 1], [0, 1, 2], [0, 1], [0, 1]], [[0, 1], [0, 1], [0, 1], [0, 1, 2], [-1, 1, 2], [0, 1], [-1, 1], [-1, 1], [0, 1], [0, 1], [0, 1, 2], [0, 1], [0, 1]], [[0, 1], [0, 1], [0, 1], [0, 1, 2], [0, -1, -1], [0, 1], [-1, 1], [-1, 1], [0, 1], [0, 1], [0, 1, 2], [0, 1], [0, 1]], [[0, 1], [0, 1], [0, 1], [0, -1, -1], [0, 1, 2], [0, 1], [0, 1], [0, 1], [0, 1], [0, 1], [0, 1, 2], [0, 1], [0, 0.5]], [[0, 1], [0, 1], [0, 1], [-1, -1, 2], [0, 1, 2], [0, 1], [0, 1], [0, 1], [0, 1], [0, 1], [0, 1, 2], [0, 1], [0.5, 1]], [[0, 1], [0, 1], [0, 1], [0, -1, -1], [0, 1, 2], [0, 1], [0, 1], [0, 1], [0, 1], [0, 1], [0, 1, 2], [0, 1], [0, 1]]]",0.7916666666666666,"[[0, 1], [0, 1], [0, 1], [0, 1, 2], [0, 1, 2], [0, 1], [0, 1], [0, 1], [0, 1], [0, 1], [0, 1, 2], [0, 1], [0, 1]]","{3, 12, 14}"
CEGFA,../../networks/japanese/japanese_3_8_fc.onnx,,,114.16315793991089,[],"[[[0, 1], [0, 1], [0, 1], [-1, -1, 2], [0, 1, 2], [0, 1], [0, 1], [-1, 1], [0, 1], [0, 1], [0, 1, 2], [0, 1], [0, 1]], [[0, 1], [0, 1], [0, 1], [0, 1, 2], [0, 1, 2], [0, 1], [0, -1], [0, -1], [0, 1], [0, 1], [0, 1, 2], [0, 1], [0, 1]], [[0, 1], [0, 1], [0, 1], [0, 1, 2], [-1, 1, 2], [0, 1], [-1, 1], [-1, 1], [0, 1], [0, 1], [0, 1, 2], [0, 1], [0, 1]], [[0, 1], [0, 1], [0, 1], [0, 1, 2], [0, -1, -1], [0, 1], [-1, 1], [-1, 1], [0, 1], [0, 1], [0, 1, 2], [0, 1], [0, 1]], [[0, 1], [0, 1], [0, 1], [0, -1, -1], [0, 1, 2], [0, 1], [0, 1], [0, 1], [0, 1], [0, 1], [0, 1, 2], [0, 1], [0, 0.5]], [[0, 1], [0, 1], [0, 1], [-1, -1, 2], [0, 1, 2], [0, 1], [0, 1], [0, 1], [0, 1], [0, 1], [0, 1, 2], [0, 1], [0.5, 1]], [[0, 1], [0, 1], [0, 1], [0, -1, -1], [0, 1, 2], [0, 1], [0, 1], [0, 1], [0, 1], [0, 1], [0, 1, 2], [0, 1], [0, 1]]]",0.7916666666666666,"[[0, 1], [0, 1], [0, 1], [0, 1, 2], [-1, 1, 2], [0, 0.5], [-1, 1], [0, -1], [0, 1], [0, 1], [0, 1, 2], [0, 1], [0, 1]]","{3, 12, 14}"
CEGFA,../../networks/japanese/japanese_3_8_fc.onnx,,,114.41905307769775,[],"[[[0, 1], [0, 1], [0, 1], [-1, -1, 2], [0, 1, 2], [0, 1], [0, 1], [-1, 1], [0, 1], [0, 1], [0, 1, 2], [0, 1], [0, 1]], [[0, 1], [0, 1], [0, 1], [0, 1, 2], [0, 1, 2], [0, 1], [0, -1], [0, -1], [0, 1], [0, 1], [0, 1, 2], [0, 1], [0, 1]], [[0, 1], [0, 1], [0, 1], [0, 1, 2], [-1, 1, 2], [0, 1], [-1, 1], [-1, 1], [0, 1], [0, 1], [0, 1, 2], [0, 1], [0, 1]], [[0, 1], [0, 1], [0, 1], [0, 1, 2], [0, -1, -1], [0, 1], [-1, 1], [-1, 1], [0, 1], [0, 1], [0, 1, 2], [0, 1], [0, 1]], [[0, 1], [0, 1], [0, 1], [0, -1, -1], [0, 1, 2], [0, 1], [0, 1], [0, 1], [0, 1], [0, 1], [0, 1, 2], [0, 1], [0, 0.5]], [[0, 1], [0, 1], [0, 1], [-1, -1, 2], [0, 1, 2], [0, 1], [0, 1], [0, 1], [0, 1], [0, 1], [0, 1, 2], [0, 1], [0.5, 1]], [[0, 1], [0, 1], [0, 1], [0, -1, -1], [0, 1, 2], [0, 1], [0, 1], [0, 1], [0, 1], [0, 1], [0, 1, 2], [0, 1], [0, 1]]]",0.7916666666666666,"[[0, 1], [0, 1], [0, 1], [0, 1, 2], [-1, 1, 2], [0.5, 1], [-1, 1], [0, -1], [0, 1], [0, 1], [0, 1, 2], [0, 1], [0, 1]]","{3, 12, 14}"
CEGFA,../../networks/japanese/japanese_3_8_fc.onnx,,,114.70274329185486,[],"[[[0, 1], [0, 1], [0, 1], [-1, -1, 2], [0, 1, 2], [0, 1], [0, 1], [-1, 1], [0, 1], [0, 1], [0, 1, 2], [0, 1], [0, 1]], [[0, 1], [0, 1], [0, 1], [0, 1, 2], [0, 1, 2], [0, 1], [0, -1], [0, -1], [0, 1], [0, 1], [0, 1, 2], [0, 1], [0, 1]], [[0, 1], [0, 1], [0, 1], [0, 1, 2], [-1, 1, 2], [0, 1], [-1, 1], [-1, 1], [0, 1], [0, 1], [0, 1, 2], [0, 1], [0, 1]], [[0, 1], [0, 1], [0, 1], [0, 1, 2], [0, -1, -1], [0, 1], [-1, 1], [-1, 1], [0, 1], [0, 1], [0, 1, 2], [0, 1], [0, 1]], [[0, 1], [0, 1], [0, 1], [0, -1, -1], [0, 1, 2], [0, 1], [0, 1], [0, 1], [0, 1], [0, 1], [0, 1, 2], [0, 1], [0, 0.5]], [[0, 1], [0, 1], [0, 1], [-1, -1, 2], [0, 1, 2], [0, 1], [0, 1], [0, 1], [0, 1], [0, 1], [0, 1, 2], [0, 1], [0.5, 1]], [[0, 1], [0, 1], [0, 1], [0, -1, -1], [0, 1, 2], [0, 1], [0, 1], [0, 1], [0, 1], [0, 1], [0, 1, 2], [0, 1], [0, 1]]]",0.7916666666666666,"[[0, 1], [0, 1], [0, 1], [0, 1, 2], [-1, 1, 2], [0, 1], [-1, 1], [0, -1], [0, 1], [0, 1], [0, 1, 2], [0, 1], [0, 1]]","{3, 12, 14}"
CEGFA,../../networks/japanese/japanese_3_8_fc.onnx,,,114.94185137748718,[],"[[[0, 1], [0, 1], [0, 1], [-1, -1, 2], [0, 1, 2], [0, 1], [0, 1], [-1, 1], [0, 1], [0, 1], [0, 1, 2], [0, 1], [0, 1]], [[0, 1], [0, 1], [0, 1], [0, 1, 2], [0, 1, 2], [0, 1], [0, -1], [0, -1], [0, 1], [0, 1], [0, 1, 2], [0, 1], [0, 1]], [[0, 1], [0, 1], [0, 1], [0, 1, 2], [-1, 1, 2], [0, 1], [-1, 1], [-1, 1], [0, 1], [0, 1], [0, 1, 2], [0, 1], [0, 1]], [[0, 1], [0, 1], [0, 1], [0, 1, 2], [0, -1, -1], [0, 1], [-1, 1], [-1, 1], [0, 1], [0, 1], [0, 1, 2], [0, 1], [0, 1]], [[0, 1], [0, 1], [0, 1], [0, -1, -1], [0, 1, 2], [0, 1], [0, 1], [0, 1], [0, 1], [0, 1], [0, 1, 2], [0, 1], [0, 0.5]], [[0, 1], [0, 1], [0, 1], [-1, -1, 2], [0, 1, 2], [0, 1], [0, 1], [0, 1], [0, 1], [0, 1], [0, 1, 2], [0, 1], [0.5, 1]], [[0, 1], [0, 1], [0, 1], [0, -1, -1], [0, 1, 2], [0, 1], [0, 1], [0, 1], [0, 1], [0, 1], [0, 1, 2], [0, 1], [0, 1]]]",0.7916666666666666,"[[0, 1], [0, 1], [0, 1], [0, 1, 2], [-1, 1, 2], [0, 1], [-1, 1], [0, 1], [0, 0.5], [0, 1], [0, 1, 2], [0, 1], [0, 1]]","{3, 12, 14}"
CEGFA,../../networks/japanese/japanese_3_8_fc.onnx,,,115.09583711624146,[],"[[[0, 1], [0, 1], [0, 1], [-1, -1, 2], [0, 1, 2], [0, 1], [0, 1], [-1, 1], [0, 1], [0, 1], [0, 1, 2], [0, 1], [0, 1]], [[0, 1], [0, 1], [0, 1], [0, 1, 2], [0, 1, 2], [0, 1], [0, -1], [0, -1], [0, 1], [0, 1], [0, 1, 2], [0, 1], [0, 1]], [[0, 1], [0, 1], [0, 1], [0, 1, 2], [-1, 1, 2], [0, 1], [-1, 1], [-1, 1], [0, 1], [0, 1], [0, 1, 2], [0, 1], [0, 1]], [[0, 1], [0, 1], [0, 1], [0, 1, 2], [0, -1, -1], [0, 1], [-1, 1], [-1, 1], [0, 1], [0, 1], [0, 1, 2], [0, 1], [0, 1]], [[0, 1], [0, 1], [0, 1], [0, -1, -1], [0, 1, 2], [0, 1], [0, 1], [0, 1], [0, 1], [0, 1], [0, 1, 2], [0, 1], [0, 0.5]], [[0, 1], [0, 1], [0, 1], [-1, -1, 2], [0, 1, 2], [0, 1], [0, 1], [0, 1], [0, 1], [0, 1], [0, 1, 2], [0, 1], [0.5, 1]], [[0, 1], [0, 1], [0, 1], [0, -1, -1], [0, 1, 2], [0, 1], [0, 1], [0, 1], [0, 1], [0, 1], [0, 1, 2], [0, 1], [0, 1]]]",0.7916666666666666,"[[0, 1], [0, 1], [0, 1], [0, 1, 2], [-1, 1, 2], [0, 1], [-1, 1], [0, 1], [0.5, 1], [0, 1], [0, 1, 2], [0, 1], [0, 1]]","{3, 12, 14}"
CEGFA,../../networks/japanese/japanese_3_8_fc.onnx,,,115.35563206672668,[],"[[[0, 1], [0, 1], [0, 1], [-1, -1, 2], [0, 1, 2], [0, 1], [0, 1], [-1, 1], [0, 1], [0, 1], [0, 1, 2], [0, 1], [0, 1]], [[0, 1], [0, 1], [0, 1], [0, 1, 2], [0, 1, 2], [0, 1], [0, -1], [0, -1], [0, 1], [0, 1], [0, 1, 2], [0, 1], [0, 1]], [[0, 1], [0, 1], [0, 1], [0, 1, 2], [-1, 1, 2], [0, 1], [-1, 1], [-1, 1], [0, 1], [0, 1], [0, 1, 2], [0, 1], [0, 1]], [[0, 1], [0, 1], [0, 1], [0, 1, 2], [0, -1, -1], [0, 1], [-1, 1], [-1, 1], [0, 1], [0, 1], [0, 1, 2], [0, 1], [0, 1]], [[0, 1], [0, 1], [0, 1], [0, -1, -1], [0, 1, 2], [0, 1], [0, 1], [0, 1], [0, 1], [0, 1], [0, 1, 2], [0, 1], [0, 0.5]], [[0, 1], [0, 1], [0, 1], [-1, -1, 2], [0, 1, 2], [0, 1], [0, 1], [0, 1], [0, 1], [0, 1], [0, 1, 2], [0, 1], [0.5, 1]], [[0, 1], [0, 1], [0, 1], [0, -1, -1], [0, 1, 2], [0, 1], [0, 1], [0, 1], [0, 1], [0, 1], [0, 1, 2], [0, 1], [0, 1]]]",0.7916666666666666,"[[0, 1], [0, 1], [0, 1], [0, 1, 2], [-1, 1, 2], [0, 1], [-1, 1], [0, 1], [0, 1], [0, 1], [0, 1, 2], [0, 1], [0, 1]]","{3, 12, 14}"
CEGFA,../../networks/japanese/japanese_3_8_fc.onnx,,,115.57841515541077,[],"[[[0, 1], [0, 1], [0, 1], [-1, -1, 2], [0, 1, 2], [0, 1], [0, 1], [-1, 1], [0, 1], [0, 1], [0, 1, 2], [0, 1], [0, 1]], [[0, 1], [0, 1], [0, 1], [0, 1, 2], [0, 1, 2], [0, 1], [0, -1], [0, -1], [0, 1], [0, 1], [0, 1, 2], [0, 1], [0, 1]], [[0, 1], [0, 1], [0, 1], [0, 1, 2], [-1, 1, 2], [0, 1], [-1, 1], [-1, 1], [0, 1], [0, 1], [0, 1, 2], [0, 1], [0, 1]], [[0, 1], [0, 1], [0, 1], [0, 1, 2], [0, -1, -1], [0, 1], [-1, 1], [-1, 1], [0, 1], [0, 1], [0, 1, 2], [0, 1], [0, 1]], [[0, 1], [0, 1], [0, 1], [0, -1, -1], [0, 1, 2], [0, 1], [0, 1], [0, 1], [0, 1], [0, 1], [0, 1, 2], [0, 1], [0, 0.5]], [[0, 1], [0, 1], [0, 1], [-1, -1, 2], [0, 1, 2], [0, 1], [0, 1], [0, 1], [0, 1], [0, 1], [0, 1, 2], [0, 1], [0.5, 1]], [[0, 1], [0, 1], [0, 1], [0, -1, -1], [0, 1, 2], [0, 1], [0, 1], [0, 1], [0, 1], [0, 1], [0, 1, 2], [0, 1], [0, 1]]]",0.7916666666666666,"[[0, 1], [0, 1], [0, 1], [0, 1, 2], [0, -1, -1], [0, 0.5], [-1, 1], [0, -1], [0, 1], [0, 1], [0, 1, 2], [0, 1], [0, 1]]","{3, 12, 14}"
CEGFA,../../networks/japanese/japanese_3_8_fc.onnx,,,115.7697582244873,[],"[[[0, 1], [0, 1], [0, 1], [-1, -1, 2], [0, 1, 2], [0, 1], [0, 1], [-1, 1], [0, 1], [0, 1], [0, 1, 2], [0, 1], [0, 1]], [[0, 1], [0, 1], [0, 1], [0, 1, 2], [0, 1, 2], [0, 1], [0, -1], [0, -1], [0, 1], [0, 1], [0, 1, 2], [0, 1], [0, 1]], [[0, 1], [0, 1], [0, 1], [0, 1, 2], [-1, 1, 2], [0, 1], [-1, 1], [-1, 1], [0, 1], [0, 1], [0, 1, 2], [0, 1], [0, 1]], [[0, 1], [0, 1], [0, 1], [0, 1, 2], [0, -1, -1], [0, 1], [-1, 1], [-1, 1], [0, 1], [0, 1], [0, 1, 2], [0, 1], [0, 1]], [[0, 1], [0, 1], [0, 1], [0, -1, -1], [0, 1, 2], [0, 1], [0, 1], [0, 1], [0, 1], [0, 1], [0, 1, 2], [0, 1], [0, 0.5]], [[0, 1], [0, 1], [0, 1], [-1, -1, 2], [0, 1, 2], [0, 1], [0, 1], [0, 1], [0, 1], [0, 1], [0, 1, 2], [0, 1], [0.5, 1]], [[0, 1], [0, 1], [0, 1], [0, -1, -1], [0, 1, 2], [0, 1], [0, 1], [0, 1], [0, 1], [0, 1], [0, 1, 2], [0, 1], [0, 1]]]",0.7916666666666666,"[[0, 1], [0, 1], [0, 1], [0, 1, 2], [0, -1, -1], [0.5, 1], [-1, 1], [0, -1], [0, 1], [0, 1], [0, 1, 2], [0, 1], [0, 1]]","{3, 12, 14}"
CEGFA,../../networks/japanese/japanese_3_8_fc.onnx,,,115.9597442150116,[],"[[[0, 1], [0, 1], [0, 1], [-1, -1, 2], [0, 1, 2], [0, 1], [0, 1], [-1, 1], [0, 1], [0, 1], [0, 1, 2], [0, 1], [0, 1]], [[0, 1], [0, 1], [0, 1], [0, 1, 2], [0, 1, 2], [0, 1], [0, -1], [0, -1], [0, 1], [0, 1], [0, 1, 2], [0, 1], [0, 1]], [[0, 1], [0, 1], [0, 1], [0, 1, 2], [-1, 1, 2], [0, 1], [-1, 1], [-1, 1], [0, 1], [0, 1], [0, 1, 2], [0, 1], [0, 1]], [[0, 1], [0, 1], [0, 1], [0, 1, 2], [0, -1, -1], [0, 1], [-1, 1], [-1, 1], [0, 1], [0, 1], [0, 1, 2], [0, 1], [0, 1]], [[0, 1], [0, 1], [0, 1], [0, -1, -1], [0, 1, 2], [0, 1], [0, 1], [0, 1], [0, 1], [0, 1], [0, 1, 2], [0, 1], [0, 0.5]], [[0, 1], [0, 1], [0, 1], [-1, -1, 2], [0, 1, 2], [0, 1], [0, 1], [0, 1], [0, 1], [0, 1], [0, 1, 2], [0, 1], [0.5, 1]], [[0, 1], [0, 1], [0, 1], [0, -1, -1], [0, 1, 2], [0, 1], [0, 1], [0, 1], [0, 1], [0, 1], [0, 1, 2], [0, 1], [0, 1]]]",0.7916666666666666,"[[0, 1], [0, 1], [0, 1], [0, 1, 2], [0, -1, -1], [0, 1], [-1, 1], [0, -1], [0, 1], [0, 1], [0, 1, 2], [0, 1], [0, 1]]","{3, 12, 14}"
CEGFA,../../networks/japanese/japanese_3_8_fc.onnx,,,116.16171908378601,[],"[[[0, 1], [0, 1], [0, 1], [-1, -1, 2], [0, 1, 2], [0, 1], [0, 1], [-1, 1], [0, 1], [0, 1], [0, 1, 2], [0, 1], [0, 1]], [[0, 1], [0, 1], [0, 1], [0, 1, 2], [0, 1, 2], [0, 1], [0, -1], [0, -1], [0, 1], [0, 1], [0, 1, 2], [0, 1], [0, 1]], [[0, 1], [0, 1], [0, 1], [0, 1, 2], [-1, 1, 2], [0, 1], [-1, 1], [-1, 1], [0, 1], [0, 1], [0, 1, 2], [0, 1], [0, 1]], [[0, 1], [0, 1], [0, 1], [0, 1, 2], [0, -1, -1], [0, 1], [-1, 1], [-1, 1], [0, 1], [0, 1], [0, 1, 2], [0, 1], [0, 1]], [[0, 1], [0, 1], [0, 1], [0, -1, -1], [0, 1, 2], [0, 1], [0, 1], [0, 1], [0, 1], [0, 1], [0, 1, 2], [0, 1], [0, 0.5]], [[0, 1], [0, 1], [0, 1], [-1, -1, 2], [0, 1, 2], [0, 1], [0, 1], [0, 1], [0, 1], [0, 1], [0, 1, 2], [0, 1], [0.5, 1]], [[0, 1], [0, 1], [0, 1], [0, -1, -1], [0, 1, 2], [0, 1], [0, 1], [0, 1], [0, 1], [0, 1], [0, 1, 2], [0, 1], [0, 1]]]",0.7916666666666666,"[[0, 1], [0, 1], [0, 1], [0, 1, 2], [0, -1, -1], [0, 1], [-1, 1], [0, -1], [0, 1], [0, 1], [0, 1, 2], [0, 1], [0, 1]]","{3, 12, 14}"
CEGFA,../../networks/japanese/japanese_3_8_fc.onnx,,,116.43612313270569,[],"[[[0, 1], [0, 1], [0, 1], [-1, -1, 2], [0, 1, 2], [0, 1], [0, 1], [-1, 1], [0, 1], [0, 1], [0, 1, 2], [0, 1], [0, 1]], [[0, 1], [0, 1], [0, 1], [0, 1, 2], [0, 1, 2], [0, 1], [0, -1], [0, -1], [0, 1], [0, 1], [0, 1, 2], [0, 1], [0, 1]], [[0, 1], [0, 1], [0, 1], [0, 1, 2], [-1, 1, 2], [0, 1], [-1, 1], [-1, 1], [0, 1], [0, 1], [0, 1, 2], [0, 1], [0, 1]], [[0, 1], [0, 1], [0, 1], [0, 1, 2], [0, -1, -1], [0, 1], [-1, 1], [-1, 1], [0, 1], [0, 1], [0, 1, 2], [0, 1], [0, 1]], [[0, 1], [0, 1], [0, 1], [0, -1, -1], [0, 1, 2], [0, 1], [0, 1], [0, 1], [0, 1], [0, 1], [0, 1, 2], [0, 1], [0, 0.5]], [[0, 1], [0, 1], [0, 1], [-1, -1, 2], [0, 1, 2], [0, 1], [0, 1], [0, 1], [0, 1], [0, 1], [0, 1, 2], [0, 1], [0.5, 1]], [[0, 1], [0, 1], [0, 1], [0, -1, -1], [0, 1, 2], [0, 1], [0, 1], [0, 1], [0, 1], [0, 1], [0, 1, 2], [0, 1], [0, 1]]]",0.7916666666666666,"[[0, 1], [0, 1], [0, 1], [0, 1, 2], [0, -1, -1], [0, 1], [-1, 1], [-1, 1], [0, 1], [0, 1], [0, 1, 2], [0, 1], [0, 1]]","{3, 12, 14}"
CEGFA,../../networks/japanese/japanese_3_8_fc.onnx,,,119.01932621002197,[],"[[[0, 1], [0, 1], [0, 1], [-1, -1, 2], [0, 1, 2], [0, 1], [0, 1], [-1, 1], [0, 1], [0, 1], [0, 1, 2], [0, 1], [0, 1]], [[0, 1], [0, 1], [0, 1], [0, 1, 2], [0, 1, 2], [0, 1], [0, -1], [0, -1], [0, 1], [0, 1], [0, 1, 2], [0, 1], [0, 1]], [[0, 1], [0, 1], [0, 1], [0, 1, 2], [-1, 1, 2], [0, 1], [-1, 1], [-1, 1], [0, 1], [0, 1], [0, 1, 2], [0, 1], [0, 1]], [[0, 1], [0, 1], [0, 1], [0, 1, 2], [0, -1, -1], [0, 1], [-1, 1], [-1, 1], [0, 1], [0, 1], [0, 1, 2], [0, 1], [0, 1]], [[0, 1], [0, 1], [0, 1], [0, -1, -1], [0, 1, 2], [0, 1], [0, 1], [0, 1], [0, 1], [0, 1], [0, 1, 2], [0, 1], [0, 0.5]], [[0, 1], [0, 1], [0, 1], [-1, -1, 2], [0, 1, 2], [0, 1], [0, 1], [0, 1], [0, 1], [0, 1], [0, 1, 2], [0, 1], [0.5, 1]], [[0, 1], [0, 1], [0, 1], [0, -1, -1], [0, 1, 2], [0, 1], [0, 1], [0, 1], [0, 1], [0, 1], [0, 1, 2], [0, 1], [0, 1]]]",0.7916666666666666,"[[0, 1], [0, 1], [0, 1], [0, 1, 2], [0, -1, -1], [0, 1], [-1, 1], [0, 1], [0, 1], [0, 1], [0, 1, 2], [0, 1], [0, 1]]","{3, 12, 14}"
CEGFA,../../networks/japanese/japanese_3_8_fc.onnx,,,119.32469320297241,[],"[[[0, 1], [0, 1], [0, 1], [-1, -1, 2], [0, 1, 2], [0, 1], [0, 1], [-1, 1], [0, 1], [0, 1], [0, 1, 2], [0, 1], [0, 1]], [[0, 1], [0, 1], [0, 1], [0, 1, 2], [0, 1, 2], [0, 1], [0, -1], [0, -1], [0, 1], [0, 1], [0, 1, 2], [0, 1], [0, 1]], [[0, 1], [0, 1], [0, 1], [0, 1, 2], [-1, 1, 2], [0, 1], [-1, 1], [-1, 1], [0, 1], [0, 1], [0, 1, 2], [0, 1], [0, 1]], [[0, 1], [0, 1], [0, 1], [0, 1, 2], [0, -1, -1], [0, 1], [-1, 1], [-1, 1], [0, 1], [0, 1], [0, 1, 2], [0, 1], [0, 1]], [[0, 1], [0, 1], [0, 1], [0, -1, -1], [0, 1, 2], [0, 1], [0, 1], [0, 1], [0, 1], [0, 1], [0, 1, 2], [0, 1], [0, 0.5]], [[0, 1], [0, 1], [0, 1], [-1, -1, 2], [0, 1, 2], [0, 1], [0, 1], [0, 1], [0, 1], [0, 1], [0, 1, 2], [0, 1], [0.5, 1]], [[0, 1], [0, 1], [0, 1], [0, -1, -1], [0, 1, 2], [0, 1], [0, 1], [0, 1], [0, 1], [0, 1], [0, 1, 2], [0, 1], [0, 1]]]",0.7916666666666666,"[[0, 1], [0, 1], [0, 1], [0, 1, 2], [0, 1, 2], [0, 0.5], [-1, 1], [0, 1], [0, 1], [0, 1], [-1, 1, 2], [0, 1], [0, 1]]","{3, 12, 14}"
CEGFA,../../networks/japanese/japanese_3_8_fc.onnx,,,119.4940550327301,[],"[[[0, 1], [0, 1], [0, 1], [-1, -1, 2], [0, 1, 2], [0, 1], [0, 1], [-1, 1], [0, 1], [0, 1], [0, 1, 2], [0, 1], [0, 1]], [[0, 1], [0, 1], [0, 1], [0, 1, 2], [0, 1, 2], [0, 1], [0, -1], [0, -1], [0, 1], [0, 1], [0, 1, 2], [0, 1], [0, 1]], [[0, 1], [0, 1], [0, 1], [0, 1, 2], [-1, 1, 2], [0, 1], [-1, 1], [-1, 1], [0, 1], [0, 1], [0, 1, 2], [0, 1], [0, 1]], [[0, 1], [0, 1], [0, 1], [0, 1, 2], [0, -1, -1], [0, 1], [-1, 1], [-1, 1], [0, 1], [0, 1], [0, 1, 2], [0, 1], [0, 1]], [[0, 1], [0, 1], [0, 1], [0, -1, -1], [0, 1, 2], [0, 1], [0, 1], [0, 1], [0, 1], [0, 1], [0, 1, 2], [0, 1], [0, 0.5]], [[0, 1], [0, 1], [0, 1], [-1, -1, 2], [0, 1, 2], [0, 1], [0, 1], [0, 1], [0, 1], [0, 1], [0, 1, 2], [0, 1], [0.5, 1]], [[0, 1], [0, 1], [0, 1], [0, -1, -1], [0, 1, 2], [0, 1], [0, 1], [0, 1], [0, 1], [0, 1], [0, 1, 2], [0, 1], [0, 1]]]",0.7916666666666666,"[[0, 1], [0, 1], [0, 1], [0, 1, 2], [0, 1, 2], [0.5, 1], [-1, 1], [0, 1], [0, 1], [0, 1], [-1, 1, 2], [0, 1], [0, 1]]","{3, 12, 14}"
CEGFA,../../networks/japanese/japanese_3_8_fc.onnx,,,119.69089388847351,[],"[[[0, 1], [0, 1], [0, 1], [-1, -1, 2], [0, 1, 2], [0, 1], [0, 1], [-1, 1], [0, 1], [0, 1], [0, 1, 2], [0, 1], [0, 1]], [[0, 1], [0, 1], [0, 1], [0, 1, 2], [0, 1, 2], [0, 1], [0, -1], [0, -1], [0, 1], [0, 1], [0, 1, 2], [0, 1], [0, 1]], [[0, 1], [0, 1], [0, 1], [0, 1, 2], [-1, 1, 2], [0, 1], [-1, 1], [-1, 1], [0, 1], [0, 1], [0, 1, 2], [0, 1], [0, 1]], [[0, 1], [0, 1], [0, 1], [0, 1, 2], [0, -1, -1], [0, 1], [-1, 1], [-1, 1], [0, 1], [0, 1], [0, 1, 2], [0, 1], [0, 1]], [[0, 1], [0, 1], [0, 1], [0, -1, -1], [0, 1, 2], [0, 1], [0, 1], [0, 1], [0, 1], [0, 1], [0, 1, 2], [0, 1], [0, 0.5]], [[0, 1], [0, 1], [0, 1], [-1, -1, 2], [0, 1, 2], [0, 1], [0, 1], [0, 1], [0, 1], [0, 1], [0, 1, 2], [0, 1], [0.5, 1]], [[0, 1], [0, 1], [0, 1], [0, -1, -1], [0, 1, 2], [0, 1], [0, 1], [0, 1], [0, 1], [0, 1], [0, 1, 2], [0, 1], [0, 1]]]",0.7916666666666666,"[[0, 1], [0, 1], [0, 1], [0, 1, 2], [0, 1, 2], [0, 1], [-1, 1], [0, 1], [0, 1], [0, 1], [-1, 1, 2], [0, 1], [0, 1]]","{3, 12, 14}"
CEGFA,../../networks/japanese/japanese_3_8_fc.onnx,,,119.87573790550232,[],"[[[0, 1], [0, 1], [0, 1], [-1, -1, 2], [0, 1, 2], [0, 1], [0, 1], [-1, 1], [0, 1], [0, 1], [0, 1, 2], [0, 1], [0, 1]], [[0, 1], [0, 1], [0, 1], [0, 1, 2], [0, 1, 2], [0, 1], [0, -1], [0, -1], [0, 1], [0, 1], [0, 1, 2], [0, 1], [0, 1]], [[0, 1], [0, 1], [0, 1], [0, 1, 2], [-1, 1, 2], [0, 1], [-1, 1], [-1, 1], [0, 1], [0, 1], [0, 1, 2], [0, 1], [0, 1]], [[0, 1], [0, 1], [0, 1], [0, 1, 2], [0, -1, -1], [0, 1], [-1, 1], [-1, 1], [0, 1], [0, 1], [0, 1, 2], [0, 1], [0, 1]], [[0, 1], [0, 1], [0, 1], [0, -1, -1], [0, 1, 2], [0, 1], [0, 1], [0, 1], [0, 1], [0, 1], [0, 1, 2], [0, 1], [0, 0.5]], [[0, 1], [0, 1], [0, 1], [-1, -1, 2], [0, 1, 2], [0, 1], [0, 1], [0, 1], [0, 1], [0, 1], [0, 1, 2], [0, 1], [0.5, 1]], [[0, 1], [0, 1], [0, 1], [0, -1, -1], [0, 1, 2], [0, 1], [0, 1], [0, 1], [0, 1], [0, 1], [0, 1, 2], [0, 1], [0, 1]]]",0.7916666666666666,"[[0, 1], [0, 1], [0, 1], [0, 1, 2], [0, 1, 2], [0, 1], [-1, 1], [0, 1], [0, 0.5], [0, 1], [0, -1, -1], [0, 1], [0, 1]]","{3, 12, 14}"
CEGFA,../../networks/japanese/japanese_3_8_fc.onnx,,,723.5585029125214,[],"[[[0, 1], [0, 1], [0, 1], [-1, -1, 2], [0, 1, 2], [0, 1], [0, 1], [-1, 1], [0, 1], [0, 1], [0, 1, 2], [0, 1], [0, 1]], [[0, 1], [0, 1], [0, 1], [0, 1, 2], [0, 1, 2], [0, 1], [0, -1], [0, -1], [0, 1], [0, 1], [0, 1, 2], [0, 1], [0, 1]], [[0, 1], [0, 1], [0, 1], [0, 1, 2], [-1, 1, 2], [0, 1], [-1, 1], [-1, 1], [0, 1], [0, 1], [0, 1, 2], [0, 1], [0, 1]], [[0, 1], [0, 1], [0, 1], [0, 1, 2], [0, -1, -1], [0, 1], [-1, 1], [-1, 1], [0, 1], [0, 1], [0, 1, 2], [0, 1], [0, 1]], [[0, 1], [0, 1], [0, 1], [0, -1, -1], [0, 1, 2], [0, 1], [0, 1], [0, 1], [0, 1], [0, 1], [0, 1, 2], [0, 1], [0, 0.5]], [[0, 1], [0, 1], [0, 1], [-1, -1, 2], [0, 1, 2], [0, 1], [0, 1], [0, 1], [0, 1], [0, 1], [0, 1, 2], [0, 1], [0.5, 1]], [[0, 1], [0, 1], [0, 1], [0, -1, -1], [0, 1, 2], [0, 1], [0, 1], [0, 1], [0, 1], [0, 1], [0, 1, 2], [0, 1], [0, 1]]]",0.7916666666666666,"[[0, 1], [0, 1], [0, 1], [0, 1, 2], [0, 1, 2], [0, 1], [-1, 1], [0, 1], [0.5, 1], [0, 1], [0, -1, -1], [0, 1], [0, 1]]","{3, 12, 14}"
